Item_Identifier,Item_Outlet_Sales
FDW58,1202.6996
FDW14,1343.8071
NCN55,489.3974
FDQ58,2723.5464
FDY38,5258.892
FDH56,2027.8341
FDL48,389.6632
FDC48,1693.3604
FDN33,1197.8105
FDA36,3526.0618
FDT44,1680.3151
FDQ56,1524.404
NCC54,732.13434
FDU11,2463.547
DRL59,676.9048
FDM24,2545.4824
FDI57,4343.5034
DRC12,2286.191
NCM42,2560.8296
FDA46,584.4202
FDA31,2904.146
NCJ31,3672.8223
FDG52,757.9095
NCL19,315.20612
FDS10,3213.1213
FDX22,288.73578
NCF19,560.3041
NCE06,2575.1587
DRC27,3615.6772
FDE21,2647.7834
NCR42,-336.24118
FDX51,2464.6746
NCR06,308.8282
FDU31,3793.902
FDU59,2878.6523
FDR03,5198.2534
FDS49,2305.9438
FDD48,382.21686
NCF18,2991.6775
NCD43,2387.5598
NCD54,1453.1307
FDY19,252.5142
NCY54,1803.8372
NCL19,1288.0898
FDP23,1125.5228
FDC26,1692.3207
FDR14,4.6272817
NCS41,3011.9607
FDF41,4078.1724
FDU34,2141.9294
DRH11,655.28937
FDM03,2184.7415
FDS31,3161.0225
FDJ20,1695.19
FDV44,4433.6953
FDG02,2176.9216
FDA09,3557.1733
FDT04,756.4256
FDL58,240.01144
FDE52,1235.4905
FDW12,2339.768
FDL51,3427.98
NCY42,3109.3909
FDR07,1231.3492
FDN40,1907.2067
FDB35,2324.4438
FDA22,2516.3132
NCL06,4946.4185
FDI35,3762.7854
NCW42,3881.557
NCX06,3233.619
FDC37,2358.8318
FDZ14,1682.6509
DRG49,4733.095
NCG06,2766.7747
DRC36,3192.6033
FDV21,293.9852
FDB53,2995.7947
DRP47,280.60345
FDA14,2094.234
DRC24,2582.5796
FDW21,2001.855
NCH29,2179.1543
FDU58,3808.8057
FDY27,1854.9629
FDV56,835.3591
FDT59,4980.942
FDB23,3404.8835
FDR49,825.10406
FDB03,528.1076
FDN39,2690.741
FDX02,4253.3916
FDQ16,2713.932
FDU35,1909.0624
NCT29,1886.6738
FDZ27,720.8275
FDN57,1679.7917
FDA03,2533.4392
FDZ36,3783.2825
NCU05,946.7206
FDT39,2011.6924
FDK60,1591.5186
FDZ25,3143.1772
FDG12,2289.3677
DRB01,410.07465
NCC43,5419.205
FDX13,446.90808
FDM22,930.6344
FDJ03,1349.0056
FDU14,4208.132
FDB33,377.81305
FDP27,3070.3308
FDO38,624.7753
FDE28,4692.8335
FDO27,1931.811
DRL23,2242.7168
FDS28,764.1607
FDX24,1516.8164
FDZ02,1218.4147
FDL46,1354.0939
FDS60,4987.207
NCO06,292.04224
FDO16,1868.642
FDC60,2369.0732
FDA48,3810.7153
FDZ36,5097.6064
FDK27,1551.017
FDW23,554.8229
FDM14,1820.8401
FDM14,1539.0413
FDW60,2733.951
FDE21,1324.8187
NCM42,1868.5371
FDY59,-64.40979
DRI49,1100.3533
FDT28,388.01428
FDQ22,430.01495
FDR60,1204.3479
FDC50,288.79248
FDV24,2332.4563
DRF48,-633.2451
FDQ47,658.25494
DRN36,1594.7118
NCY06,2142.7332
FDE52,1350.0547
NCB54,1852.0596
NCF31,2174.495
FDJ08,4337.674
NCC07,1314.2695
NCD19,1170.0585
FDL46,1794.8074
FDM20,5193.1963
NCI06,643.97064
DRM11,3460.296
NCH07,2285.834
FDS23,2265.732
FDO49,657.4327
FDS35,1211.2648
DRK39,1227.287
DRI39,904.9487
FDV04,2039.3848
NCN14,3173.2488
FDH08,4179.5894
FDS20,3444.629
FDV40,1241.5807
FDZ48,151.704
FDS24,2311.142
FDK44,2604.438
FDS48,2622.1426
FDK26,637.05493
FDD23,3030.9458
NCH54,3212.157
NCP14,973.5689
FDM60,113.678
FDV24,2048.9578
FDH08,3819.5696
FDS12,2729.6304
FDR39,5231.024
FDP12,901.06683
DRF60,5435.7617
FDC09,1643.9934
FDF50,2516.481
FDG28,4222.748
NCE19,847.4014
NCM53,144.00089
NCN18,1498.3463
FDF32,3397.8467
FDF11,3602.1384
DRI59,3604.7966
NCG54,2905.3916
FDM44,1706.6117
FDT57,2565.5293
FDV24,2329.9734
FDI50,773.2167
FDS09,873.0779
NCC31,3778.6216
FDQ07,437.65997
FDC22,3143.4998
FDZ56,2916.391
FDZ40,258.44052
FDS46,3055.8318
DRD24,2070.9321
FDV45,3329.0422
FDL26,2830.8018
FDA56,2243.923
FDN27,1134.578
FDM20,3952.7163
FDO16,1842.1405
FDL03,3362.8088
FDE58,1840.7
FDI02,2933.8887
NCC55,95.16418
FDR03,2907.0518
FDB14,1260.175
FDR45,3868.007
NCN07,2149.044
FDM51,344.54282
FDT52,4765.683
FDL26,2477.254
NCZ42,4040.8909
DRI47,952.8321
FDW40,2859.2642
FDN34,2900.1548
FDS01,3046.1514
NCG55,1723.9093
FDC11,1856.2623
FDX35,3165.245
NCB06,2291.8774
FDR09,1154.5406
FDC53,1204.5844
FDY45,4709.7656
FDA22,374.38312
FDE02,1508.4186
FDW21,1508.1552
FDV34,1186.7776
FDS59,2146.2292
NCW17,2405.807
NCK54,1839.3987
FDG17,302.36856
FDG35,4577.5874
FDD08,458.15298
NCO07,5172.917
FDJ10,-566.8566
FDW36,1887.4591
FDW21,184.30789
FDY19,2509.2944
DRE03,503.13608
NCC55,608.27106
FDH52,158.16583
FDO09,5120.0586
FDU43,3461.5945
FDX09,414.54703
FDH40,175.57025
FDW58,1812.4464
FDC47,4917.885
NCR41,2146.18
DRG49,4880.326
FDC52,3700.3013
FDY13,1217.6373
FDY35,705.7515
FDI35,4215.617
NCU18,2126.9028
FDY33,2332.1194
FDC15,3535.8354
FDU01,3963.687
NCU42,3393.3088
NCV29,2496.646
NCY30,3084.3547
FDQ46,1954.5712
FDG58,3664.6755
FDK33,4300.852
NCD07,2054.9614
NCX29,3812.3694
NCT42,2055.0933
DRN59,730.7796
FDI44,1222.0027
FDA45,1177.4136
FDP31,620.8217
FDY01,1719.3042
FDT09,1834.5786
DRH03,2494.7224
FDA36,1502.1934
NCF31,2350.9417
FDG14,2900.1929
FDG28,4663.2583
FDU14,3779.1025
FDY47,279.0683
FDI56,1644.2438
DRD01,838.2776
FDM22,996.5508
FDH33,953.6128
DRZ24,2180.3545
NCQ38,1440.4524
FDO16,2685.9966
FDU07,3894.5085
NCB07,1654.9465
FDU48,1004.4912
NCM43,2463.262
FDR31,560.21875
DRK49,524.97687
NCI30,824.80536
DRD60,2998.4714
NCG19,3411.0786
FDH12,1473.6819
FDM32,1732.489
FDM27,2497.404
NCU53,3932.4617
NCQ18,1659.9744
FDS10,2606.861
FDB33,4912.4224
FDI12,1686.8937
NCW42,3173.0728
NCC06,2173.6042
FDW02,2898.3333
NCD43,1672.4827
FDM57,775.57996
FDA58,3598.1536
FDK56,3040.442
FDP52,5314.764
FDW20,1886.7753
FDS52,1735.0773
NCT29,1386.6099
NCL54,2862.8425
FDC05,2517.4878
FDF34,2352.4272
FDP03,2869.5068
FDD32,48.936317
FDZ10,1908.4124
FDZ40,959.0695
FDD51,418.97958
NCY30,251.79948
FDP58,3154.3923
FDV49,3887.6118
FDY24,-158.10477
NCO55,1689.1017
FDR13,1215.1624
FDS51,1191.8383
FDP26,1427.3993
NCB54,2427.3179
FDF32,3043.524
FDN31,1891.0487
DRM48,520.7691
FDN20,3145.3047
DRL01,4323.435
FDV56,831.8011
DRH13,2807.5957
FDA03,2887.3943
FDF47,4649.086
FDX32,1860.263
FDX57,1671.8844
NCA30,2837.1301
FDO49,535.3853
FDL04,215.39136
DRM48,734.3529
FDR16,4414.0127
NCC19,2947.3948
NCE42,3051.3384
FDY24,743.08813
FDH19,2025.184
FDJ46,2245.7288
FDN45,378.26382
FDY08,2726.0735
FDZ37,1420.4053
NCT30,705.8117
DRY23,402.3174
NCZ30,1870.3475
FDC44,1664.638
FDB45,1946.7577
FDY04,2246.6567
FDM27,2563.7793
FDZ43,3984.919
FDT39,158.01839
NCC06,169.24579
FDL15,3891.8728
FDL57,4921.5195
FDU08,1319.1018
FDK40,3947.7827
FDQ12,793.6273
FDS48,2594.3728
FDP09,3667.2756
FDW21,1300.1631
FDY25,3767.3154
DRE13,1279.6301
FDV43,49.71509
FDD22,1833.1678
FDM46,236.59546
NCO30,577.4813
FDM25,3118.2805
NCN41,1975.1014
FDU24,1627.0599
FDZ50,3054.0437
FDP45,4247.112
NCM54,1906.6737
FDW10,292.6342
FDP20,2030.8969
FDK32,2379.6345
FDN52,1315.6155
FDM58,1652.5575
FDZ46,2785.4634
NCA18,1406.5797
FDD35,2230.3662
NCK31,836.62317
FDI40,3177.2644
FDT50,106.39007
NCT06,3093.1763
FDT31,3196.2256
FDT45,860.80334
FDT13,2892.2588
FDO50,1286.2131
NCU18,269.41486
NCR54,3517.4497
NCO18,2342.491
FDU09,795.0976
FDT13,2267.5562
FDE09,1608.2444
NCK53,144.21512
FDG45,5031.3677
DRH15,610.8148
FDO21,388.32666
FDD14,5079.118
FDC09,1486.0474
FDH45,1279.232
FDV32,1064.0297
FDG12,1868.5347
FDS32,1708.3824
NCL55,3658.0679
DRE01,4708.431
DRE15,1421.4014
NCL42,5420.8643
FDP31,939.5574
FDN33,1130.8715
FDZ59,3515.6042
FDE45,719.46564
FDJ07,1576.258
FDQ45,3030.721
FDM33,4430.344
FDO15,1.0209777
FDM46,1448.8817
FDR03,2292.8264
FDY49,1899.511
FDQ60,1788.4591
FDW10,2119.9277
FDO51,652.4221
FDJ40,1178.1923
FDS20,2747.1401
FDU45,2679.6394
FDV02,2927.249
FDN09,4234.7266
NCM55,4731.651
FDN23,2325.1536
FDY31,552.57086
FDW03,523.8037
FDD14,3143.1165
FDV23,2040.4241
DRI03,2785.0117
FDN13,1459.9493
FDF45,1457.1482
FDU46,1531.387
FDB57,3524.3455
FDV12,1614.5199
FDQ58,1034.7263
NCA18,1559.722
FDH52,959.0999
FDM24,2010.0332
NCP43,3422.0537
NCO18,465.7726
FDM32,1397.0503
NCL07,586.04395
FDK03,4068.339
FDP59,1487.424
FDQ24,4127.348
FDQ16,1722.2291
FDU44,2216.3074
FDH28,-197.50473
FDV28,-41.49414
FDM22,925.39124
FDR56,3224.122
FDV39,2544.944
FDU37,385.09134
FDQ11,62.477245
FDX02,3348.3135
NCS42,1257.9575
FDY57,2690.09
FDB21,4654.4844
FDE28,2630.161
FDQ55,2189.827
FDA48,4065.2654
FDZ19,2590.4426
NCC43,2669.5247
NCV18,1916.5388
NCA42,2370.0186
FDY45,2825.086
NCC30,2663.4324
FDM57,1148.973
FDL09,404.0012
FDB09,3180.5647
FDT44,2020.8829
NCT06,3403.4346
FDX26,3813.7305
FDK32,3126.9023
DRA12,1929.8738
FDO46,972.0515
FDE52,1296.4574
NCH42,3967.4297
FDV08,735.78265
FDB47,1919.6138
FDC28,387.4928
FDD22,2073.1948
FDS07,3171.733
DRI13,4029.6604
FDG32,2245.481
FDU14,4795.745
FDD28,416.00348
NCP41,1828.3953
FDS08,1575.1427
FDX47,2140.0107
FDC53,578.14655
FDQ19,3436.7712
FDL14,2308.8337
FDM33,777.26855
FDA51,1771.3467
FDZ27,545.03204
FDT04,556.5839
DRC13,1290.467
FDR16,5125.3286
FDQ03,4329.497
FDE38,2678.6284
DRH23,2177.7632
FDT11,-330.23364
FDD09,3301.856
FDR40,1382.9589
FDX07,3003.1248
FDR07,972.2348
FDA51,1976.9945
FDT59,876.6907
FDF20,3138.795
FDR13,1805.6516
FDY26,5096.4634
FDW04,1957.9885
FDK52,4864.743
FDN60,3526.6826
FDM09,744.48517
FDP46,1371.2992
FDB50,249.30397
NCQ29,3072.3052
FDP16,5268.7524
FDX33,2509.553
FDP07,609.7143
FDN22,3807.5723
FDF39,4266.8276
FDS21,722.0571
NCM42,1841.4839
FDK50,468.42233
DRF13,3178.0327
FDH35,2311.0107
FDP60,1199.3881
DRJ49,3403.9062
NCT42,108.34527
FDE38,2996.7876
FDI04,3362.176
NCH54,2737.802
FDT56,950.8866
DRD15,3028.7883
FDV58,2034.2272
FDP21,3486.274
FDH05,3292.8047
FDR10,4101.202
NCP06,2450.2297
FDF33,1489.5946
DRK37,3303.7744
DRH49,1248.0251
FDT58,2249.8323
FDD41,1325.8317
FDP40,1569.6945
FDM51,2661.4822
FDO45,126.560844
FDW33,279.93335
FDY24,1041.6294
FDB10,-954.59607
FDM40,2174.438
NCI06,2984.5103
FDW12,2.8568199
FDX48,3940.3032
NCW05,2191.2988
FDX27,1518.7081
DRM37,3649.106
FDA38,3552.9973
FDR36,732.2387
FDZ45,3304.6462
FDG05,2586.3733
FDK28,4668.5337
FDV47,1522.6199
FDN21,2033.9336
FDP20,3614.8547
FDI35,3914.4207
DRY23,711.8888
FDA56,2612.164
FDB09,1735.6259
NCO26,2653.3987
FDQ49,1865.3843
FDI52,3205.8481
FDZ44,2820.1738
FDZ09,2451.4302
FDY03,2113.7322
NCG42,2334.3599
DRI13,5015.2896
FDQ32,2069.048
FDW16,1468.5361
FDU27,1024.6891
FDR28,439.4532
FDQ49,342.1564
FDS37,2150.539
FDW26,2779.404
FDX12,3526.5852
NCP06,2190.668
FDW45,475.25162
NCN30,1739.619
FDN24,309.867
NCL41,1053.9036
FDR02,245.97826
FDD09,747.6541
FDS33,90.06289
FDU22,2053.7195
FDI53,2559.4272
DRH01,2593.9326
FDX32,2024.8381
NCP30,563.2512
FDB60,3128.082
FDB14,1428.878
NCP02,848.1079
FDJ10,2133.3645
FDG34,1883.8647
NCB18,1545.0125
FDM16,952.83026
FDW25,971.9696
FDB35,184.43549
DRN11,2118.6184
FDF41,-60.611897
FDH16,1148.6853
NCQ50,3106.9573
DRH23,1023.9006
DRJ37,2259.9644
DRJ24,4315.9985
FDY16,3065.4153
FDQ27,2241.176
FDZ33,1916.4054
FDF29,1988.6742
FDA08,2523.1436
FDG31,1131.7195
FDE34,417.39963
NCR30,2132.7258
FDV33,3346.549
DRZ24,1949.7925
NCL54,2501.705
FDR12,2891.618
NCC54,4111.5903
DRN59,723.73944
FDX50,234.90463
FDV31,3511.1145
NCA29,4603.2524
FDW60,3136.062
FDX08,3519.7104
DRD49,3250.778
FDD33,2895.578
FDW35,752.35944
FDJ36,1554.551
FDV51,3106.9211
FDW36,1832.478
FDH35,2467.7527
NCS30,3036.5732
FDN49,596.64465
FDL08,3560.787
FDI09,4029.3674
FDP19,1263.824
FDU21,-220.33717
NCP41,1555.2654
FDY10,2255.5464
FDP12,381.38428
NCN26,1917.9797
FDK44,2933.8599
FDC28,1450.9462
FDJ41,5631.539
NCT29,2014.9199
NCH42,31.372587
FDU60,3381.79
FDS02,3617.562
FDC51,1994.0048
FDU03,3329.8232
FDX39,3857.3198
NCY05,206.21193
NCL06,5404.4707
FDD32,1351.3557
NCN41,1796.4921
NCX53,3325.137
FDU57,339.43192
FDQ23,1936.6278
FDQ52,6110.6914
FDC14,294.8788
FDY09,3355.6895
FDQ28,2389.254
FDV25,5521.5474
FDJ07,2092.7153
DRB25,1691.9731
FDK52,703.925
FDY52,1511.7832
FDB28,2844.7969
FDT36,392.8935
FDV25,4869.584
NCN07,3601.7512
FDC57,3276.5283
FDQ03,2330.3315
FDU23,2119.8694
NCX41,4064.656
NCD06,827.79755
FDW08,1249.71
NCU29,2593.0786
NCE06,2005.8021
FDV52,297.5857
FDB02,3054.444
NCR18,561.35614
FDK16,1548.6655
NCQ29,230.50385
FDZ01,234.4812
FDW27,2367.5854
FDD17,3159.9163
FDW39,2039.9438
DRH59,1021.5521
FDS52,1472.9194
FDU40,4857.112
NCF54,1867.5017
FDH46,1431.7837
NCP14,2249.4895
FDH50,3550.9612
DRF15,302.27036
FDV27,2257.1553
NCJ06,2497.1216
FDN02,3082.271
FDQ51,697.7749
FDQ07,3353.8418
FDS45,2213.2769
NCJ06,1642.4243
FDD36,2033.2633
FDY25,3803.4595
FDU52,2799.7239
DRK47,4109.9453
NCL30,2044.8599
FDN22,3857.6416
NCF30,3397.7727
FDK03,4359.8003
FDT45,1075.4312
NCC54,4638.9937
FDP08,3202.0159
FDU44,2099.2847
DRG39,828.45953
FDU32,2236.4558
FDY27,2992.3176
NCP54,2044.572
NCZ41,1879.7384
DRL49,1843.5071
FDI05,1336.4713
FDY56,5544.519
DRC13,1101.3488
NCV29,2754.3396
FDR24,1503.4396
FDZ34,3222.0862
FDP37,2144.5024
FDX08,4550.153
FDS57,1888.938
NCG18,1853.0206
FDK25,2904.4177
FDH53,1389.8085
DRI59,3400.016
FDA52,2323.8743
FDT20,-86.57983
FDE36,114.50064
FDI24,3398.9702
FDB28,3188.3767
FDV11,2976.263
FDP01,1939.0624
FDD34,3365.091
FDJ50,1393.7117
FDZ44,1655.0328
DRO59,1202.4165
DRB48,752.2638
FDR21,2238.9473
NCE42,39.028843
FDO23,1754.3628
NCE30,2013.604
FDQ22,830.1091
FDY01,1944.5201
FDS08,2300.5425
FDG28,3478.409
FDQ51,434.18225
FDB05,5343.4053
FDO56,1767.5918
FDE02,1400.7146
FDN45,2924.4324
FDS09,842.2276
NCA54,2855.505
FDP09,471.9429
FDC53,946.2833
NCM55,2950.4976
FDL09,2704.1467
FDA11,-87.69748
FDA50,1349.0311
FDC23,3904.8884
FDE22,3239.797
FDD23,3757.832
NCA29,3729.0566
FDK38,2510.7366
DRC13,1996.6433
NCP43,2904.4094
FDX28,1264.939
FDF08,1491.3094
FDZ33,2159.4922
FDD10,1734.8649
FDO58,2195.1897
FDI50,4055.7886
FDO58,2361.4893
FDX08,3153.7522
NCK17,52.385395
FDF39,4710.315
FDU45,639.48486
NCJ18,1576.3032
DRC27,-340.76147
DRC25,1358.2527
FDU59,1838.0126
FDU28,3027.8838
NCP30,720.0319
FDB39,796.9108
FDE41,1242.6167
DRH11,462.29077
FDA58,3221.1746
FDU50,1699.7555
FDM34,1990.141
FDM44,2324.1602
FDR39,3081.666
FDM25,2673.631
FDQ49,2276.7722
DRH25,749.1318
FDM09,3650.8213
FDL44,582.6144
NCR42,328.81934
DRL59,1008.42523
FDX43,2451.8997
DRK47,34.063744
FDU48,1518.87
FDY12,847.6114
NCN43,1746.8562
NCM55,2596.6284
FDQ21,3117.1973
FDX13,4348.019
NCK30,4657.468
FDG20,2045.9939
DRG27,680.28455
FDY14,4740.274
FDP59,1571.8678
FDU60,2893.6553
NCC18,493.0343
DRJ39,4264.0234
FDS07,2041.215
FDM08,5033.3906
FDP51,1931.1274
FDU16,1453.973
FDH12,1517.7711
DRE48,777.2039
NCL42,6034.5596
FDR21,2476.4521
NCW29,2213.2263
FDO11,4914.676
NCM31,2441.9045
FDV35,503.73004
FDF58,931.9405
NCE43,3168.8884
FDA02,2313.0845
DRL37,316.90408
FDR24,1066.3394
FDW59,1347.2174
FDS22,569.353
FDW24,739.3137
FDU24,1776.4751
FDA21,4535.153
FDH58,3124.092
FDW36,1487.8422
FDI45,4767.8213
FDU01,2664.525
FDF35,2305.9502
FDU43,-768.46063
FDE24,-1.8749785
FDK50,3698.0537
FDG31,889.89197
FDC60,2152.1377
FDL36,1441.6146
FDP21,2548.363
FDW16,1515.4099
FDX02,4350.9087
FDQ58,3118.105
FDT51,1671.6355
FDD59,2061.2185
NCM42,1609.4897
FDA57,605.03076
FDZ48,1556.6506
FDE46,1866.5559
NCZ30,126.26024
FDB56,2678.127
FDA25,2390.1807
FDD20,2006.3032
FDL25,1096.2854
NCO18,3304.7405
FDJ45,217.73767
FDR12,2950.1904
NCF19,57.692707
FDK25,3200.1174
NCR17,1992.7124
FDC52,2105.803
NCA54,3429.274
FDR45,505.913
NCM19,2165.7083
FDF39,5145.89
FDX23,1816.9629
FDD58,2141.1067
FDX28,1903.7286
NCD31,2923.5747
FDU57,2341.507
FDI27,927.3752
NCM42,1755.8682
FDD32,1855.7959
FDI34,4023.819
NCM29,1999.1294
FDG46,2037.4514
DRC01,103.18904
FDB15,4442.13
NCA17,3562.889
FDF10,2766.929
FDR26,3484.6035
FDI02,1814.0374
NCM54,227.13243
FDF14,1872.9874
FDJ33,198.11305
FDM20,5247.69
FDC03,4796.7944
NCX05,1889.8433
NCM41,2468.1162
NCU29,-88.164474
FDQ59,1132.0453
FDH46,156.1925
FDH09,565.49207
NCD06,1044.1039
FDC15,2282.3855
DRD37,1078.7008
FDT28,3029.0496
FDR28,3952.0552
FDT38,1475.1825
FDV34,1798.7416
FDY52,1068.8735
FDB34,1048.5682
DRL23,2180.1296
DRB24,2454.1575
FDJ50,973.2655
FDQ49,1962.4707
FDP20,1687.405
FDV19,4095.8481
NCR54,2344.1848
FDO09,430.92395
FDS57,1638.0353
FDN10,1904.1276
FDV23,2332.1985
FDY28,4068.7026
DRG51,2133.0598
FDD45,218.41724
NCL18,4506.7725
NCM29,2137.8457
FDF17,4941.8296
FDE22,3114.3552
FDQ22,570.5968
FDS01,3082.8838
FDW35,657.9583
FDJ33,2166.4932
NCF54,3376.207
FDE09,955.7998
NCE06,2662.2188
DRH49,1182.9978
FDY43,2363.2236
NCT05,4657.814
FDZ34,4446.043
FDL38,2446.872
FDZ31,3711.3257
FDR14,678.6647
NCN54,1410.0137
NCC42,3354.5374
FDK08,1531.901
FDP59,1579.4099
FDV22,3374.3408
FDD33,3211.147
DRE60,5931.5527
FDK52,4050.1807
FDA02,1907.5132
FDM56,1707.5789
FDE57,2452.008
FDM32,1306.5729
NCQ30,2223.7139
FDQ27,2602.8425
FDT60,2933.8608
FDU43,3348.0122
NCO55,1838.3739
FDG02,1691.0192
FDJ28,2934.5125
FDP40,1637.7041
FDJ38,2818.2463
NCC54,3726.3818
NCZ41,1878.2205
FDK38,201.29346
FDU52,1974.0245
FDC40,1259.9055
NCR30,1103.0548
NCN18,1858.3319
FDB50,1272.0234
FDG04,3531.0225
FDR26,2162.4292
NCT17,3320.7537
FDX35,4476.9644
FDS12,2318.6008
NCZ29,3582.5146
FDB38,727.23083
FDP12,540.27985
FDP22,763.32916
FDS26,4383.2905
FDR52,3160.1792
DRJ13,3240.7593
FDU48,2968.7922
FDE29,1051.6838
NCT29,2213.981
DRK37,4588.52
FDK55,1097.1667
FDR07,844.24396
FDO21,4893.5215
FDK46,5532.136
FDB12,1768.5481
FDT31,4538.977
FDJ33,1964.096
FDC26,3106.24
NCQ02,3252.2634
FDP08,842.24084
FDB11,4139.064
FDV55,2428.5403
FDW20,2176.598
NCJ18,334.06085
FDC41,948.15405
FDE14,2360.499
FDG35,2148.354
FDF45,1185.5616
FDS19,2140.1265
FDS58,583.564
FDA26,4582.134
FDM32,1440.0607
FDL45,2300.1125
FDZ55,3276.626
FDY37,2330.958
FDO46,2437.1758
FDQ60,2261.8015
FDA19,1545.993
FDL15,2756.1921
FDM10,2629.9304
NCL05,638.3812
DRK49,311.69357
NCE18,5622.0186
FDG40,549.2732
DRI59,4213.7407
FDK28,3683.2712
NCD06,-120.8404
FDO11,480.04016
FDK27,1472.01
FDT43,1485.6136
FDD38,1547.5477
FDA16,4125.6235
FDL14,3704.603
NCM17,494.98657
FDD20,1933.4939
FDA40,1267.8708
FDL43,1105.19
FDV15,1822.1224
FDE52,1284.0953
NCL17,299.9869
NCJ31,3596.9363
FDR60,933.79565
NCA18,1674.5841
FDS21,1537.4196
FDW09,1561.3097
FDL26,2735.7446
FDS47,1648.4514
FDC39,3595.4602
FDT51,1519.198
FDK40,4123.31
NCG19,3501.605
FDZ07,657.91077
FDF08,2426.874
FDO04,624.84064
FDK41,1142.2986
FDP15,4668.966
NCD43,1460.6631
NCP18,2724.6406
FDZ51,1531.2285
DRH13,1426.4526
FDF38,379.43475
NCI43,554.9559
FDM38,1858.3624
FDS03,1402.5011
DRJ47,2830.6558
FDT50,-14.631024
FDV02,3095.7864
NCG18,1507.8663
FDW52,2900.4714
FDS40,732.24896
FDN31,3255.1858
FDA37,1945.2268
FDA15,3714.7593
FDL39,2140.858
FDJ53,1470.9135
FDX22,3367.0615
NCZ42,4065.155
FDD56,3688.703
FDD40,3466.2507
FDS50,4277.2065
NCN14,3273.8826
FDT15,2844.8242
NCS18,2679.0503
NCO26,560.8458
FDF58,568.0778
NCB19,1343.6218
FDH26,2661.2507
DRB24,3902.0845
FDA49,1053.4258
FDB32,1318.7708
FDI36,2701.1758
NCA17,1112.2703
FDH22,2019.9525
NCM26,2440.5164
FDT15,4605.07
FDB16,998.8482
NCP54,2910.2656
FDJ36,1658.7501
FDO28,1690.8584
FDU09,1136.5137
FDF29,2151.3118
FDY08,2380.2444
DRJ59,-43.419647
FDT23,2139.058
FDU15,422.39514
FDT47,1510.4135
FDI53,538.06714
FDR59,3526.7866
FDD53,547.2562
FDY51,3271.8762
FDT04,532.6229
FDU51,3694.7737
FDG14,3635.6052
NCU06,4750.2256
DRG25,2659.7107
DRH49,1438.3483
FDN15,2143.9717
FDL43,946.519
NCT18,5007.707
NCB31,3555.5186
FDK57,1895.6259
FDY04,384.4235
NCP54,2083.6313
FDF41,3370.1711
FDM01,1518.8766
FDW03,1996.697
FDF28,1623.0951
FDY37,2739.6194
FDQ03,2738.011
FDP51,2876.28
FDJ40,1671.4849
FDC32,1171.0496
DRI49,1899.4072
NCW54,1410.1138
FDF09,594.9302
FDP45,3489.1145
DRJ23,2875.5354
FDS59,2264.9849
FDY08,2144.0635
FDX16,2166.8936
FDY16,3192.4429
FDK32,2111.1323
FDQ22,541.58124
NCC31,2101.4587
FDG58,2342.7412
DRF48,3104.4333
DRH36,1313.9745
NCR30,676.00006
FDB03,531.37714
FDZ28,3459.7732
FDR35,2011.4713
DRD15,4869.3477
FDJ33,322.72784
FDA56,358.52695
FDP56,802.8047
NCT30,752.5759
FDK15,1522.2753
FDH44,1846.8158
FDV01,2326.5864
DRG03,1902.4795
FDG50,2227.8232
FDR16,957.2442
FDZ60,1190.1447
DRG03,2215.0999
FDS56,4326.059
FDU33,1142.6826
DRD27,1847.1876
FDW22,2875.4963
DRA24,2058.5771
FDF38,492.8038
FDX48,2269.9617
FDS58,2493.1836
FDC32,946.13763
NCQ29,2985.1763
DRK39,1041.4718
NCS38,1904.908
DRO47,1827.0493
DRG27,1201.8025
FDC57,4900.8076
FDS55,2747.787
NCJ06,1417.5159
FDO01,150.3709
NCM55,1691.4313
FDC52,2387.0017
FDQ15,1367.5114
NCT30,1539.379
NCR42,678.74805
FDD28,801.1561
FDQ34,1652.1431
FDZ12,2868.6345
DRE13,44.35359
NCN07,400.9726
FDM28,2979.2961
FDI10,3049.048
FDQ25,2020.6165
FDA38,-1188.7563
DRI13,4899.8223
FDY20,2937.8032
NCZ53,3753.387
NCM31,3535.8071
DRB01,3768.0564
DRF37,4787.4785
NCF42,2634.125
FDF16,2248.4412
FDB41,813.84326
FDR34,4509.197
FDR15,2194.7656
NCV42,234.22955
FDW51,3536.7031
FDU36,1503.7427
FDX60,1361.3342
FDY03,2050.988
FDW55,3720.892
FDT01,388.01416
FDG58,2322.0464
FDK21,5147.3286
NCS41,248.70502
FDS10,3080.4097
NCT53,2793.6062
FDJ28,2574.9143
FDX44,1148.5804
FDT20,532.8396
FDO44,1556.4702
NCX17,3940.85
FDY01,2145.9092
FDJ12,4213.546
DRK35,522.51654
FDD47,288.40128
NCM53,1774.3834
FDO45,978.94653
NCM42,457.16452
FDE04,2889.8125
NCI30,4172.616
FDZ19,2692.2957
FDW57,3894.739
FDA25,1685.6583
FDT22,912.4087
FDP51,2258.9724
FDD48,2645.7922
FDY39,3655.7312
FDO48,-215.6579
FDD23,4712.145
DRN35,924.01306
FDT01,2509.999
FDC20,50.252506
DRJ35,1215.2786
FDB32,1247.3218
FDL24,3627.7722
NCV42,2231.224
FDZ46,1837.5536
FDC15,2608.9348
FDD08,-13.241156
FDY50,850.3962
FDD36,2047.9272
FDG57,1138.8478
FDL21,560.5407
FDN16,2512.0151
FDJ09,693.18085
FDS01,266.17184
FDV33,3921.1501
DRE12,1592.4521
FDR07,838.03613
FDP48,809.6444
NCB55,726.8878
FDQ08,827.91534
FDR34,4021.8132
FDO33,2044.457
FDP13,938.13184
FDX12,4228.024
NCT06,2744.3745
FDR16,-12.575196
FDE36,3652.396
FDZ36,3715.54
FDV13,1665.4215
NCZ17,710.8024
FDU56,3385.895
FDM09,2421.342
FDV02,2970.5786
FDS34,1310.484
FDA11,1524.9397
FDP09,5231.9014
FDB29,2905.959
FDT19,3228.8271
DRH15,685.45886
FDY38,3422.4387
FDF14,3790.44
FDN48,396.47266
FDQ12,3461.7605
NCJ43,2785.5269
FDE17,137.76703
FDB05,4518.3755
FDH10,1750.9252
NCR06,519.23834
FDU32,1507.5637
FDD56,2784.6133
FDO36,2611.1646
FDH16,196.65828
FDX10,440.38016
FDZ37,1217.7166
FDU31,572.2532
DRC49,1554.2328
FDL15,2250.1963
FDN32,308.71
DRH59,1721.1969
NCU29,3011.9836
FDR37,452.43903
FDS14,2189.2102
FDU02,5178.741
FDJ08,3144.8342
NCZ06,2901.5337
FDO31,1321.0842
FDH31,1163.4656
FDS58,2247.3862
NCA53,1107.2795
FDF50,3042.9434
NCW42,3678.0498
NCQ17,2532.637
FDK51,4072.33
NCW41,971.4831
NCR29,806.73895
FDB08,535.68805
FDA40,2176.2947
FDL14,2581.9192
FDB47,3212.0447
FDO03,4264.416
DRK13,556.01855
FDX13,2296.8364
FDF52,3181.9768
FDT11,2399.9692
FDB08,2218.5115
FDQ28,2257.1506
FDD29,3794.4497
NCQ29,4740.212
NCO02,898.6579
FDR56,795.2988
NCM54,2086.371
FDP51,2121.9692
FDT38,714.3775
FDZ20,2660.092
FDJ53,2320.1936
FDX13,3483.1077
FDP58,3991.2844
NCK31,66.02688
FDA35,1586.4531
FDV37,2292.6316
NCO07,3736.2056
FDA20,2382.1506
FDZ59,3240.6455
NCY17,717.3778
FDQ28,2974.3552
FDV35,2691.0889
FDQ36,620.16986
FDD34,2098.9382
FDK51,4474.0654
FDV31,2019.486
FDR04,1574.4222
FDR14,610.5522
DRC36,544.79333
FDE39,22.562922
FDP57,1725.0562
FDE57,2379.416
NCN18,2103.6414
NCQ05,2882.3118
FDW47,2620.233
FDV46,2532.0186
NCP29,722.5348
FDE09,1496.8044
NCU06,5394.1284
FDT19,962.6857
DRF15,1758.9565
DRI51,2541.6912
NCX54,1773.1005
DRE01,4655.7686
NCB07,2712.3005
FDU50,1881.9648
FDG40,659.6553
FDW10,3448.1577
FDX51,3229.0747
NCP17,1069.2726
FDP21,3653.9153
FDL04,1597.9268
FDV23,2144.9585
FDF24,1383.1599
FDH56,3067.9175
FDB51,580.0927
FDI58,2516.0583
FDR20,622.185
FDC51,1662.6193
FDB16,2130.0625
FDE40,996.2127
NCM17,739.7503
FDU56,3086.477
FDS32,250.49211
FDX02,4146.898
FDT39,3817.8777
FDE35,832.5654
NCI42,511.42773
DRL23,1924.1178
FDA10,1512.541
FDA11,1317.0477
NCM06,2498.7825
NCT05,3891.2979
NCQ02,668.62286
NCY06,2256.9978
FDY56,4786.6577
FDL02,2567.3867
NCI06,3222.873
FDQ14,2378.6733
FDQ12,3689.6748
FDP36,893.5877
FDK21,6034.0
FDO40,2277.7764
NCK54,240.44756
FDY09,2585.55
NCW30,5701.017
NCC55,789.27563
FDE58,1592.7871
FDR39,4170.9595
FDU28,3178.2578
FDH08,3060.9
FDG35,1754.6492
FDG22,743.5775
FDC34,4348.4443
FDP15,3819.917
FDK34,-176.07547
FDU45,2338.843
FDQ04,1041.416
FDX22,2753.744
FDB45,1523.8702
NCH43,4582.0713
DRE60,3742.4668
FDD17,5618.6357
NCM54,2259.1416
NCH55,1852.1763
NCT06,2581.088
FDA48,4482.8057
FDY58,5456.945
FDO25,3914.6147
FDN50,1390.1924
FDH35,3103.7935
FDK09,3817.267
FDO16,1842.7552
FDW11,992.90936
FDU47,3343.7932
NCQ42,123.01541
FDK55,2495.4626
FDN08,1744.2136
FDT57,3736.801
FDJ12,3234.8726
DRL59,664.24207
NCN53,547.4832
FDO51,143.30457
FDK56,3215.9126
FDY12,779.83
FDU15,742.1313
FDQ19,2283.9626
DRF15,1790.119
DRE25,63.34371
FDK57,1682.4741
FDD33,1200.2323
FDR34,5684.899
FDU04,1873.78
FDE35,210.62161
NCD31,3299.7805
FDJ56,1880.299
NCU53,2711.5374
FDD39,3917.8064
NCU17,279.40964
FDJ20,1735.6158
NCW41,2823.993
FDL52,791.02924
FDS39,2122.3894
DRJ47,2651.303
FDP13,91.09309
DRK39,561.8543
FDF28,-70.68427
FDB09,1692.5786
FDM51,1300.0553
DRM49,710.78345
DRF23,2818.047
DRH01,3142.4165
FDH12,2629.4163
FDA28,210.7678
FDW37,947.3228
FDF02,1363.2388
DRL37,645.8369
NCF43,1959.4767
FDH08,476.18518
FDR34,736.19946
NCK19,3931.0984
NCD55,186.38707
FDT27,2233.2405
FDQ57,2127.7986
FDA47,2004.7167
DRG15,1758.1294
FDE05,2346.4966
FDN46,2232.6013
FDX27,2456.0376
FDT51,1312.3978
FDU33,578.0154
FDJ16,1562.4987
FDD20,553.0135
FDT36,487.4376
DRF15,3020.2598
FDN52,223.48311
FDC22,5068.707
FDX15,2488.3428
FDT13,3329.7302
FDU04,2391.6826
FDU31,68.58842
FDW59,2413.8157
NCO29,2881.167
FDL15,2288.3481
FDI41,3285.5596
FDQ48,1751.0696
DRI39,1076.2369
FDI08,4888.7124
FDC21,2397.9856
FDF58,1255.815
FDS08,374.13193
FDE47,1877.4197
NCP18,62.8038
NCR41,1569.5413
FDA27,2930.319
FDA43,3075.714
FDA49,1627.956
NCE55,2239.293
DRM49,640.2273
FDF22,4282.832
FDQ15,1762.0071
NCS54,3479.4912
NCY05,550.2853
FDR45,4108.812
FDK57,1932.1263
FDF41,1177.6299
FDV21,2087.421
FDD51,496.68295
FDF33,2630.465
FDA38,4554.6367
FDR56,3129.757
NCN41,2215.7402
FDC60,2242.8604
FDB47,2766.1953
DRH01,3088.8645
FDW08,1607.1069
FDF38,902.31915
FDY32,2448.9324
FDG34,1483.4532
FDG47,380.07294
NCF18,3042.476
FDL39,483.25916
NCH55,2004.4229
DRJ35,837.76306
FDS44,4459.0996
DRE01,3642.7026
FDY39,3029.9062
FDY32,2871.967
FDR33,3044.2837
NCP50,1256.877
FDZ47,1386.6332
FDU57,2818.9253
FDY44,2883.92
DRH59,1014.1059
FDB03,5454.3345
FDY46,2507.1829
FDM39,2680.5142
FDY36,1265.39
NCM55,3416.5352
FDJ50,269.6242
DRL60,2454.3237
NCJ54,3479.4324
FDX59,411.29257
FDI07,3298.0322
DRF51,93.72451
FDM14,1983.1019
FDP21,2836.798
FDE40,923.8237
FDE05,2422.8967
FDM13,3275.8643
FDC34,3747.7095
NCI55,2117.664
NCE43,3004.7168
FDW58,1549.4965
FDG60,4123.0977
FDV31,1998.663
FDR47,3201.1
FDM60,-304.66513
NCF06,2966.7488
NCN26,2619.224
FDQ59,1381.9902
FDF09,678.869
NCS06,3984.8975
FDT44,1999.7887
FDI19,3872.757
FDT22,1012.69165
NCF54,4451.909
DRG25,3113.9233
FDB59,3921.2644
FDQ37,4248.2607
FDP56,806.63885
FDW44,2539.163
FDJ26,215.75787
FDU43,1268.6967
FDW33,1513.611
NCX53,2519.098
FDN56,978.1849
DRF15,1964.2644
FDO33,2163.3015
FDZ39,-9.402776
NCJ19,1018.3463
FDU01,4141.5947
FDT12,3960.7532
NCM18,981.75446
FDP19,2263.6353
NCR42,302.7298
FDN10,1995.4877
FDG44,928.7394
FDQ10,2978.0422
DRH13,1286.9609
FDT52,2970.2598
FDM56,1858.1986
NCO43,470.73636
NCV29,2811.4468
NCF06,4374.802
FDO50,1445.2014
FDT59,4054.6863
FDX40,797.1854
FDE50,3929.9873
FDX51,3971.9941
NCD30,1373.964
FDK15,2056.7378
FDL12,1127.6053
FDK46,3615.8247
DRH49,338.31046
FDQ57,2566.2659
FDY59,1370.9188
FDO09,4271.784
NCG30,1880.7988
FDM09,2341.818
NCN17,2571.3713
NCS42,1294.8488
FDD02,276.23007
FDE34,3951.316
FDU38,3403.0308
FDB33,3094.1223
NCJ29,1259.7428
FDZ27,679.5162
FDI40,1663.209
FDG22,372.8286
FDT51,1603.367
FDF20,2474.499
FDV50,1643.314
FDT02,484.41406
DRC49,2331.461
FDF26,2675.9797
FDV52,1564.2948
FDX59,467.63373
FDV25,5412.3237
FDW23,1007.868
FDE53,1203.8934
FDA19,2143.0264
FDH22,1446.4271
NCO41,1750.9735
FDX12,4639.0835
FDF17,2965.2344
FDS11,3394.6685
FDR51,3554.5557
FDT49,153.26797
FDC56,2602.385
FDR13,3225.6135
FDQ60,2466.4983
FDN38,3844.4436
NCL29,2976.7603
FDO13,3695.8564
FDE26,2644.2976
FDA31,31.393373
FDX14,1236.4296
FDA34,3283.971
FDF26,3107.537
FDE38,2448.688
DRI11,1794.1117
FDQ60,2655.7124
FDL21,538.76685
DRC12,4890.1597
FDC47,3927.7092
FDE57,2277.9512
FDT14,1958.3917
NCZ53,3515.2927
FDE28,4258.021
FDR19,2179.6804
NCF54,558.87665
FDZ08,1437.2605
NCJ05,2397.0068
FDF59,1465.6226
NCO05,1945.7323
FDW24,448.95786
NCX42,2073.5486
NCA53,1100.0282
FDI45,184.85335
FDG46,2467.0764
FDM20,52.139965
FDW11,102.549095
FDX08,3754.062
NCK17,564.6308
FDK32,2427.9495
NCA42,3056.0247
DRI01,3408.552
NCL55,3512.6213
DRE25,1226.8097
FDD14,3651.5261
FDB10,2988.3003
DRN11,2020.6777
FDP38,491.0076
NCA30,3164.0234
FDT15,3237.535
NCP55,653.13055
FDF12,2352.1694
FDM21,3748.3599
FDX56,4362.9463
FDF10,2669.956
FDT32,2628.4956
FDM51,932.9921
NCR50,2363.2153
FDI19,4168.0815
FDX21,1490.2343
FDR31,2301.5813
FDY02,4227.6567
NCA29,3775.434
NCX17,2432.3486
FDM12,2345.3154
FDI53,3398.1506
NCU30,3468.6064
FDC56,3478.1313
FDK27,1456.7008
NCK18,3092.8167
FDB52,734.37415
DRG25,5371.019
FDZ13,691.3177
FDB57,236.42566
FDR40,2139.106
NCO14,59.910145
NCN19,2365.7354
FDQ28,325.63806
FDO13,1962.9978
FDK48,1286.6918
FDU07,2348.0244
FDW20,1870.1089
FDV12,193.06258
FDH24,2575.67
FDV59,3501.647
FDK57,1873.135
FDL16,899.4376
NCQ17,2627.7175
FDJ15,3144.0447
FDX24,1671.801
FDT47,2138.799
FDT10,923.7267
FDZ37,1049.8196
FDW43,6030.546
DRN36,1453.6857
FDJ14,1410.4631
FDA32,3067.995
FDJ38,26.596308
FDQ57,2163.7185
NCQ41,423.19238
FDG56,1089.6791
DRC13,3893.7263
FDV55,2746.016
FDQ49,2920.2249
FDE29,184.92084
FDR03,3853.7275
FDD45,1586.0967
FDN38,192.88464
FDT56,743.092
FDT48,3489.8691
FDU03,3288.7207
FDC56,238.77505
NCO43,2769.407
FDQ27,2036.2356
FDR03,4145.824
DRH23,193.61859
FDG22,646.2786
NCJ42,1671.0875
FDR24,1689.2086
FDW60,2684.8574
FDJ08,3373.6487
DRL59,438.19907
FDG60,11.851366
FDW27,2223.5645
FDX14,1231.6595
FDC20,482.14603
NCS29,2474.7385
FDJ56,1443.9098
FDB20,278.3936
FDL28,5743.4355
FDW01,1417.1647
FDL03,1446.8495
FDX22,3181.3867
FDJ21,2786.204
FDR31,2268.338
FDG21,3822.09
FDS22,898.8968
FDK08,1440.5337
FDE17,2402.571
NCN30,1545.7267
FDT50,1303.8431
NCX42,3707.2856
FDJ12,3521.4753
NCA18,2501.5908
FDP23,309.51553
FDX12,4223.4883
FDN40,1775.8805
FDV48,1356.0028
NCY54,2898.1394
FDL16,134.90994
FDR45,3747.0159
FDJ52,2018.8458
DRG01,1556.0922
FDP52,5539.1387
FDU58,3207.5325
FDL02,2206.7568
FDG28,4214.6533
FDA19,2252.801
FDW46,1947.1467
NCD43,1767.3135
DRG39,734.8387
NCF55,824.2117
FDJ07,2046.4341
FDE08,2969.3376
FDP56,614.6651
FDT45,545.36224
FDF17,2840.6677
FDX44,1377.2253
FDM28,4298.4805
FDI36,2852.8396
FDS07,1454.7048
FDD36,1685.9216
FDW11,1042.9158
FDN40,1932.3043
NCQ18,1310.7926
NCQ54,3187.2708
NCS42,1513.32
DRH39,252.68292
FDC09,2477.248
FDT08,501.44977
FDC08,4309.187
FDT20,701.42444
FDS35,1088.8135
FDX58,3424.5696
FDW58,1683.9971
DRD27,1610.9104
FDH32,129.35603
FDS26,4909.4688
FDQ31,1825.8466
FDP11,3104.765
FDD58,1638.9446
FDM33,3022.3008
FDZ16,4116.3794
NCS29,1248.1045
NCM18,211.84529
FDP11,3202.3591
NCC42,2324.4568
DRM23,2712.8196
NCN55,4593.695
FDK46,4088.5403
FDR01,3613.791
NCA05,1225.7915
NCP43,2790.9739
FDR12,184.17204
FDQ01,2975.1863
FDM13,1468.7172
FDQ19,3473.5747
FDK56,485.92282
NCX06,546.5534
FDO56,3034.0637
FDU45,1803.4802
FDI16,134.40375
FDL32,1646.762
FDA07,2401.1077
FDA14,2189.8254
FDV46,3669.9263
NCO07,3580.2815
NCP41,1733.661
FDY60,2031.6489
FDN38,3262.2224
FDO15,1236.1875
FDT60,2170.8752
FDA55,4692.076
FDE02,216.86444
DRJ39,3866.8374
FDV34,1311.4651
FDS20,4288.971
FDF02,2888.4377
FDW40,2233.4656
NCB43,3038.2463
FDR58,1578.3326
DRJ59,563.72723
NCD30,1797.8795
FDE14,1851.6559
FDC28,1040.3157
FDU16,1119.1559
NCD19,1012.85974
FDU21,466.44043
FDV59,4716.7407
FDU03,3230.6028
FDC33,237.86131
NCR42,240.88322
DRH59,873.0031
NCM31,2318.7153
FDS50,4408.755
FDP39,866.26166
FDQ55,2127.2615
FDV36,-369.524
FDI05,2460.552
FDS45,2798.534
FDA39,538.752
FDC37,176.06291
FDJ60,4389.3696
DRQ35,2190.6152
NCJ06,1960.7577
NCY42,1688.3301
DRM37,3203.3118
FDR14,622.98737
FDE51,417.9487
FDT33,2855.1138
FDR08,2263.557
FDE36,140.48299
FDL22,160.67563
FDR44,2286.6436
FDI56,293.72382
FDE47,-160.29324
FDV27,555.4812
FDV10,543.509
FDC40,1388.3278
NCX41,3285.5195
NCQ38,2594.1016
FDV12,2419.1858
FDE52,1150.2595
FDG20,3585.888
FDV16,744.2321
FDI32,2187.8284
FDJ32,981.07715
FDN39,2640.919
FDY34,3583.3381
FDC14,732.31506
FDA55,4516.8506
FDZ50,1063.6558
DRG13,3000.987
FDP01,1768.2006
NCG54,3063.8044
FDM13,862.22815
NCO18,4357.0957
NCW41,2808.3875
FDM52,3344.4072
NCF55,688.8874
FDT09,2169.218
NCM19,1805.2329
FDW12,1767.9087
FDP15,554.4648
FDK36,771.361
FDZ25,3260.173
NCW06,3415.435
FDW60,3312.6316
DRC49,2414.7063
NCT17,3348.3015
NCN06,2413.749
FDC45,2633.9478
DRJ47,661.80707
NCF06,3659.697
FDE21,292.4812
DRG27,662.68835
FDW40,2399.9417
NCO53,3482.0374
FDE23,597.06366
FDQ16,1892.114
FDS26,3457.2236
FDZ13,124.721565
FDS14,2275.5974
FDC10,1506.2562
FDY16,3754.1248
FDJ20,2065.8115
FDV43,668.0837
FDZ32,2210.574
FDR23,3199.8135
FDN24,708.93024
FDE34,4501.987
FDU31,3531.6045
FDW33,1629.5156
FDU26,1419.152
FDE20,4366.6733
NCW05,2095.1516
FDB22,1885.58
FDO56,1880.4069
FDA19,3135.7615
DRI39,972.3451
FDH52,753.23517
FDZ50,3582.1616
NCN42,2849.1697
FDB53,3225.2446
DRG11,2016.491
DRK11,3605.1516
FDQ60,2048.7905
FDT36,418.38196
DRG25,3331.7996
DRJ23,3148.6667
FDG05,2460.0078
NCK06,1859.4513
FDU52,2183.7107
FDW07,1074.9445
NCM17,409.49738
FDA22,3131.4443
NCA41,2849.3308
FDF38,669.30023
FDH52,1040.0166
FDY58,537.045
FDZ16,4158.7837
NCM18,1215.4779
FDA22,2670.6572
NCJ43,2091.6953
FDI34,6072.941
FDG56,1226.2499
FDS34,1589.4247
DRC01,888.4345
FDQ04,959.61285
FDK04,915.52985
FDT51,1909.4183
FDV26,2859.1008
FDS04,2091.0254
FDW43,3275.414
FDQ28,401.71857
NCK06,2272.6665
FDS23,1901.1637
FDZ36,916.7897
FDE56,615.50854
FDW10,4263.555
NCN14,2143.7751
NCQ18,1367.5366
FDW08,1940.895
FDU43,3474.3806
FDR33,245.84804
FDM24,441.8781
NCZ05,1458.11
NCV41,1860.1178
FDV11,3087.7837
NCY05,795.52515
FDV44,2374.4683
FDW32,1348.8434
NCU18,3040.5908
NCC43,4067.5151
FDW19,1412.8529
FDN31,2998.5156
FDI48,589.2266
FDS24,1201.125
FDF46,1687.7867
DRG23,1828.7095
FDG14,3262.2375
NCY30,3010.7986
FDO28,1549.421
DRD24,2464.1409
FDI33,2309.7505
FDN32,2744.2139
FDR16,5292.9663
FDF26,2989.6716
NCN29,352.87082
FDE20,3157.128
FDA46,3007.1387
FDU28,2518.2554
FDQ48,1455.9061
FDV36,1859.2457
FDR14,146.10828
FDP23,4621.744
FDP56,495.1736
FDK48,446.85358
FDR48,2165.326
NCY29,1109.2063
FDM22,541.33704
DRJ01,2379.1116
FDZ43,3769.927
FDV03,2425.5747
FDX11,4876.9355
NCA41,4883.0034
FDE38,2527.043
FDI27,573.7653
FDN32,3699.5168
NCN43,2087.399
FDB47,5250.246
FDV03,1662.516
NCN30,1240.4475
NCV54,94.1177
FDV07,1112.1997
FDP07,2907.417
FDK48,992.9373
FDM15,326.13016
FDY19,3475.3633
FDK46,3288.58
FDY11,942.50574
FDH09,732.6821
FDO08,3871.7715
FDU14,4344.7246
FDD22,3405.3884
FDM27,2767.4216
FDL02,2602.2505
NCA17,3386.531
FDE38,520.3034
NCG07,3608.3813
DRC27,2270.978
FDA27,2882.7903
FDW40,2145.049
DRI11,1496.6567
FDN50,1295.6433
FDR12,2845.0544
FDT34,2927.2378
FDW11,1070.643
NCO30,5105.36
FDZ34,4119.5244
FDU45,2503.0376
NCD42,692.6581
FDX25,2504.978
NCR29,1075.9329
FDX43,158.72453
FDB04,254.76347
FDR49,1524.8704
FDS39,1593.9738
FDW58,1287.4438
FDG22,-68.51383
FDG31,945.4382
NCV53,4762.31
DRJ37,2681.6099
FDV07,1903.6274
FDW52,2517.447
FDT15,3195.614
FDD02,1828.4082
FDM16,1359.1193
NCE55,2463.972
FDB57,2548.937
FDQ04,927.37054
FDQ47,37.352493
FDY14,915.9916
DRK37,5102.726
FDO25,4138.3706
FDL57,4760.7036
NCK29,1834.6156
FDK46,5970.266
NCB43,551.9973
DRE01,5324.668
FDC46,3278.1777
FDQ23,1752.2582
FDX38,752.65204
FDG60,3264.2966
FDW55,3163.359
FDP39,859.0128
FDB20,1010.57544
FDV21,2305.6973
FDZ02,1230.514
FDP19,3234.2922
FDA38,3451.5847
FDH22,2124.6255
DRM11,3802.1616
FDO12,4528.326
FDT14,2155.5195
FDW34,783.7607
FDG04,3331.0369
FDW59,851.74426
FDR33,1493.9941
FDP32,1651.8114
FDL13,5882.59
FDD22,2151.0518
FDV40,1880.0464
NCD55,536.00946
FDQ20,110.6692
FDD28,674.501
FDC39,3946.3723
NCR17,2195.4045
DRO35,1779.4436
FDF40,3543.3198
FDR31,2327.7495
NCQ41,3661.446
FDP38,610.8231
NCU54,4959.353
FDG22,290.93478
DRK59,2761.6868
FDC37,1891.157
NCO42,2327.1504
NCT42,2091.625
FDX27,1517.5673
FDV40,979.4717
FDT45,1896.7424
FDS47,247.093
FDR45,5615.2417
FDB03,4154.868
FDO49,871.97144
FDU60,4321.5986
FDB26,498.56024
FDB46,3286.3057
FDQ37,805.3722
FDN03,4696.2783
NCX30,4895.213
FDK32,70.176285
DRM47,2861.5752
NCO02,1044.5422
FDP04,799.09064
NCO43,2421.157
FDD59,1232.1074
FDQ10,3236.8906
FDW45,3174.367
NCK30,3781.661
FDU31,2564.9836
NCQ17,332.45554
FDN01,2054.843
FDZ19,3162.9675
DRG37,2578.706
FDE32,302.4941
FDO34,2964.7576
FDM04,101.891975
FDZ25,2954.9382
FDU08,1329.6295
NCW30,4154.6055
NCM18,1095.3625
FDS22,870.30914
NCH18,3632.484
FDC23,3124.65
FDY46,2819.1807
NCU06,4431.127
FDX57,1552.897
FDX36,5494.3184
FDL16,849.78894
FDT16,2405.8904
FDN16,1337.347
FDC03,3046.4473
DRF60,5041.361
FDS27,4806.0146
FDP33,1096.3866
FDJ36,1897.7126
NCR42,144.13222
FDV14,1275.6212
NCP42,3364.9192
FDB50,2143.337
NCC30,3784.1492
FDA23,1445.3394
FDW16,1461.2308
FDQ52,981.39746
FDB58,2036.6066
NCP29,906.3836
NCM05,3831.0146
FDO25,3274.547
NCM54,2025.4741
NCL54,3594.0928
FDL39,385.1473
FDF53,3835.133
NCQ42,2283.804
FDF58,585.98016
FDZ04,1053.284
FDE26,262.3307
FDS60,2171.2185
FDV58,2832.003
FDM04,705.9002
FDE08,2703.2056
NCB43,3232.163
FDU11,767.6582
FDF22,382.27716
FDE24,2494.4412
DRJ49,2720.4583
NCQ53,5361.3657
NCL41,507.28076
FDR22,2084.7031
FDH04,1467.5059
DRH15,636.81055
FDY40,792.52527
NCI17,1628.9568
NCC18,2797.3008
FDY28,5091.595
FDB45,2551.1392
NCL30,2095.4902
FDM10,2677.0525
FDH22,2491.0896
NCZ53,3050.9404
NCI18,2503.214
FDH14,3318.4548
FDR36,849.8876
FDW01,2842.8665
FDK02,2665.4849
FDJ02,1798.6937
FDU55,4965.2905
NCV18,2833.767
FDH14,1890.2067
FDZ37,1405.2582
FDX49,3692.73
NCD43,1450.3457
FDZ07,902.97296
FDK43,2743.925
FDR32,2342.0188
FDT39,2830.1685
NCV54,2009.879
FDF38,269.58524
FDV60,3538.4502
FDH44,4673.3403
FDS21,883.18524
NCL41,539.6606
FDM46,1406.8986
FDU27,738.8636
NCJ54,4534.1196
DRG51,2117.175
NCA29,414.66312
FDR47,4196.6104
NCL19,3324.5098
DRG01,1329.6298
FDG10,743.5838
NCV05,2595.001
NCH18,932.5442
FDV14,996.90216
DRJ23,3525.5398
DRJ11,3468.5303
FDZ03,3040.166
FDI27,98.958664
FDJ14,1345.8315
FDU32,1690.6625
FDD47,3775.0728
DRF36,3514.4587
FDM21,3505.53
FDV10,433.30646
FDH60,2876.3418
FDX47,100.305275
FDT19,265.04395
FDO11,4952.4883
FDH24,3758.28
FDL02,1148.8081
FDB02,2682.7363
FDA43,2493.693
FDG52,798.097
DRC12,2570.6514
FDY37,1735.4633
NCU18,1946.5549
FDU09,1737.0801
DRJ25,911.82764
DRE12,1896.9453
DRL47,1657.3351
DRK01,1697.9435
FDC22,473.15857
FDG44,1114.6481
FDW04,2037.1661
FDK09,3792.9163
NCN43,2493.8506
FDG04,3003.3967
FDH32,294.85013
DRI47,2601.9028
DRE15,1034.0414
FDY11,1101.2654
FDO60,593.82806
FDQ20,385.7331
FDO57,3973.7356
FDT14,195.22807
FDA57,916.136
DRN35,915.16376
FDJ03,782.0231
FDX28,1812.4862
DRE25,1388.6377
FDR09,2387.5469
FDB23,3922.2632
FDO08,2316.447
FDQ23,1722.7754
FDW04,1398.9261
DRK13,529.74475
NCL17,2569.8264
FDY21,4843.2676
FDJ38,5247.355
FDA37,129.96468
FDV43,612.6337
FDL36,1758.1494
FDD53,558.976
FDZ19,263.0047
FDV21,1981.1978
NCL54,3327.7712
DRI47,3367.1272
DRG03,2440.5774
FDG21,3479.0771
FDW03,1820.1238
NCI55,2341.4124
DRC36,329.29968
FDH22,1824.8303
FDV20,2890.0889
NCU41,4289.907
FDN46,2770.6907
FDK50,2854.8823
NCA05,3066.0098
DRH01,2078.0884
FDT08,2282.4646
FDM08,4352.508
FDZ07,1007.8345
FDS22,684.43915
FDV35,3753.0723
FDI28,175.60356
FDW58,2774.6638
FDT52,4390.5435
FDY34,2115.7322
FDR10,2504.5745
FDK57,2036.8411
FDR02,2442.3567
FDX49,4387.3623
FDQ20,539.76855
DRK23,4306.532
NCW06,2728.901
FDR31,2470.5564
NCE43,3053.7104
DRO59,2232.4502
FDN09,4538.571
FDR11,2506.3076
FDO57,3480.7031
NCX18,2935.9834
FDB05,4245.3076
FDQ08,297.3807
NCG43,1774.5416
FDJ56,2151.752
FDA13,102.7885
FDO56,1903.433
FDB37,3812.2896
FDZ02,889.3959
FDQ24,4858.8843
FDM16,715.8436
FDU35,1872.984
FDT35,2386.2683
NCX30,5280.661
FDG04,3539.154
FDI12,1375.4006
FDE35,1557.9131
NCP14,2447.404
NCY53,1757.6484
FDP49,883.13214
FDQ04,738.73206
FDM39,3567.632
FDO58,348.5675
FDC56,2079.8518
NCQ54,3805.1646
FDV10,984.94635
NCK17,355.52234
NCF55,225.7746
FDV33,4554.1235
NCH29,302.96353
FDA37,2926.9626
FDH46,1368.562
FDS25,2011.0072
FDH04,2326.7268
FDX52,2809.1199
NCD42,692.1195
FDW47,2432.7498
FDL25,3035.4817
NCJ06,67.173096
FDY09,3584.2563
FDS40,767.8674
FDH41,2735.2512
FDG38,1709.2864
FDU03,4891.3013
FDV20,2175.1614
DRB13,2003.6799
NCQ30,1979.7527
NCH06,3737.8206
FDU50,1547.1912
NCO42,165.20152
FDW09,510.34448
FDH04,1426.977
FDC21,1320.6638
FDL21,643.7559
FDM46,164.64638
FDT22,173.3208
FDB28,2811.1482
FDI12,1416.6947
FDA28,1962.178
FDF59,1599.9297
FDM45,3001.5244
FDQ56,1339.929
FDR46,2620.4631
FDT01,3271.964
FDD16,1830.8208
NCU30,245.1432
FDM40,621.85156
FDI56,1733.0975
NCS30,2323.2883
FDU08,1557.2056
FDX51,4813.8286
FDA43,1940.1534
FDX59,88.69712
FDC37,1489.9185
FDP58,2769.936
NCY42,2468.2905
FDF21,2728.4873
FDU10,967.5848
DRL47,1265.0385
FDA58,1203.6953
FDJ22,2875.1748
FDK50,2718.0513
FDO38,1445.2384
DRF60,3760.9634
NCZ42,524.42224
FDD35,2164.2124
FDL25,976.5517
FDJ16,1417.4219
DRK59,3050.3643
FDI50,5005.5786
NCB19,1356.6835
DRI37,796.86304
FDA14,3035.7932
FDC08,3534.552
FDS45,2468.7893
FDI21,1128.044
DRJ47,2774.4324
DRE37,3036.8403
FDT55,2595.9775
NCG42,3927.2153
FDA31,3220.5513
NCW42,3403.379
FDF50,3776.2546
FDK56,3790.5374
FDX10,484.79514
NCK07,3860.2563
FDZ49,3748.459
FDR33,1691.5428
FDO44,1579.1462
FDA20,3473.2676
NCL30,1884.7517
FDI05,106.16206
FDQ12,3750.7185
FDH47,1854.1978
FDH34,3194.3945
FDF29,2110.01
FDG40,214.32
NCE18,5440.2744
FDP21,566.9603
FDY50,1545.5629
FDB36,1942.2549
NCZ29,2097.752
FDU20,1390.941
FDO56,1736.8628
FDW31,2389.919
DRH59,893.5476
NCB30,3212.405
FDK43,2594.9978
FDW43,3880.047
NCL19,2363.6606
FDJ27,1565.4377
FDC45,1967.7607
FDY40,506.56723
NCM41,1151.2766
NCK18,905.8233
FDP37,2269.474
FDA27,3574.4229
NCX30,4182.052
FDR09,4986.443
FDG08,4598.6772
NCU30,1929.0078
FDB16,1157.8663
FDM16,1106.2336
FDC48,1278.954
NCF18,2809.2139
FDU46,1171.9713
FDH41,2582.5305
NCN42,447.46124
FDU49,1672.9453
FDB20,2126.517
FDG50,364.3774
FDW20,1782.5249
NCO55,1856.8141
FDX48,2055.0615
FDU48,2245.7344
FDR48,-289.06506
FDK27,1382.9208
FDT35,2827.3755
FDN12,1661.3109
NCE31,70.52218
FDL21,674.4113
FDV56,2360.8584
FDR16,3689.8806
NCP41,1784.106
FDJ27,1703.1907
FDA07,2019.9452
FDK55,1323.2463
FDM33,4115.134
FDY46,3016.7974
FDD36,1958.9196
FDB12,1938.688
FDF28,656.25037
NCE07,-158.49298
FDW50,3387.5322
NCW18,3630.8398
NCJ17,195.03334
DRZ24,600.07965
FDS07,2253.1548
NCW05,1051.9023
FDZ22,1122.7479
FDK02,2056.6997
FDZ45,5345.351
FDL25,1158.1748
FDS08,1677.7734
NCZ42,6040.016
FDX57,1782.7891
FDF21,3997.0264
FDJ56,1087.0361
FDX10,447.75092
DRG48,2242.957
DRN37,2215.8691
NCY41,248.50629
FDN28,1426.0128
FDE34,2351.0347
FDR10,1827.4236
FDC32,1243.1172
DRG13,3342.279
FDP59,1354.538
NCT53,329.84402
FDL57,4738.1357
FDN32,816.32214
FDK09,3236.4048
FDA52,-144.60487
FDC57,3003.512
FDI09,4669.9424
NCB07,1740.4965
FDP26,1566.3035
FDP40,2904.419
FDL15,2828.8127
FDV07,1811.2914
FDS03,1390.6549
FDE50,3608.6426
FDQ15,1296.6057
FDQ33,832.0042
FDT22,1028.7356
DRO35,2052.3801
FDJ41,3623.971
FDQ27,2280.0554
FDC26,2186.079
NCF43,3109.1226
NCR50,3265.0994
FDE39,1586.8469
FDN49,1479.6527
DRG11,1700.986
NCA18,1581.982
FDM36,2412.008
FDW32,1306.1382
NCQ18,329.93073
FDX14,2104.817
FDD46,2022.2794
FDI34,206.0432
NCJ17,1316.3553
FDB52,2925.972
FDV55,2340.7883
FDC57,2577.571
FDB29,1866.5651
NCO43,2111.821
FDG44,916.6987
FDJ34,1437.7747
FDH40,1370.778
NCD07,2739.9797
FDB41,896.97125
FDH47,1711.3303
DRK37,4245.258
FDM25,581.9003
NCX06,2239.437
NCS05,2391.147
FDS39,1746.5847
FDC47,5203.239
FDG20,2603.1062
DRL23,2259.1672
FDY33,2788.8909
NCH18,3267.5396
FDX47,2232.6333
NCB06,2612.9204
FDP36,818.95465
FDW44,2184.0815
NCU41,2824.895
NCS17,1713.1296
FDD46,2109.9277
FDE45,3147.9116
FDI09,4970.923
NCJ54,196.97542
NCA29,3007.895
NCN41,3178.3298
FDY34,2416.223
NCG55,2156.8838
DRM49,644.9068
NCB42,1707.4943
FDE58,1655.6443
DRJ25,702.8193
FDS47,342.8813
FDY21,4330.773
NCI54,2050.124
FDO24,3061.1724
FDY43,2457.5881
FDF35,1732.5717
NCP29,151.1748
FDN28,2258.9404
FDJ50,712.6803
FDQ14,3607.054
FDC37,1905.0033
FDN08,1678.1805
FDD04,2126.6555
FDW34,2963.3962
FDP04,980.4366
NCG07,2178.1118
NCN14,2411.9666
FDJ16,903.0433
NCM42,1444.6366
NCF19,583.09595
FDY21,4018.9507
FDY19,2597.2117
FDV09,2232.418
FDA28,1872.5066
FDC38,1771.2977
FDL28,3226.6377
NCH43,3199.5693
NCN53,536.13763
NCW05,2446.3735
NCO30,2153.7405
FDT04,-16.73649
FDB27,2722.1606
NCK07,2838.6934
NCA53,1031.9956
FDB33,2312.1812
FDU37,1187.9243
FDR13,2012.0879
FDE45,2680.4053
FDV37,3280.4802
FDX44,279.86026
NCL06,3779.9443
FDJ28,2475.096
FDX55,4536.2773
NCK17,448.50748
FDH52,1123.029
FDN13,2531.195
FDK44,2492.9534
FDU16,1963.121
FDZ07,988.5535
NCN06,3784.7195
FDH02,-185.72353
NCW18,3271.8936
FDH57,1755.8275
FDV35,2758.7861
NCU29,2613.8394
NCP02,788.1895
FDN44,2352.243
FDX03,441.9228
FDR11,363.39853
FDA36,3187.7026
FDP58,4558.5137
FDH31,1384.299
FDH34,3612.2056
FDS13,3137.1262
FDT01,2904.9614
FDY09,2483.814
FDV33,4567.675
NCW29,321.19046
NCN17,1652.7252
FDX01,1694.9941
FDL03,2616.1843
DRL59,969.4016
DRM11,3930.4219
FDA43,3308.922
FDZ56,-130.40532
FDI44,1208.1036
FDB50,1347.1377
FDU15,38.552586
NCJ19,50.879276
FDD48,1905.0382
NCW42,3507.062
FDL24,3168.909
NCB30,2792.992
FDK25,3423.0422
FDW28,3477.781
FDD47,3594.295
FDK16,208.62187
FDW37,1764.11
FDA48,4586.406
FDA14,2175.4685
FDV15,1889.3523
FDN22,3774.9504
NCD55,600.0978
FDY43,2646.11
NCU05,867.1806
FDF10,2450.2817
FDR39,3704.531
FDG40,636.7881
FDZ28,448.2307
FDE02,1719.7328
FDU60,3478.1575
FDM21,3239.203
FDV52,258.10782
NCW06,2969.3733
FDX36,3464.9182
FDT35,3652.3699
NCL19,272.02667
NCD31,2849.6865
FDE53,563.6058
FDW58,241.69905
DRF48,2630.3567
FDW57,2874.8633
DRH13,1389.6481
FDT33,2446.187
DRK47,4064.1726
FDY22,258.95392
FDC35,670.28107
FDO03,4221.169
FDF24,1200.174
FDF56,2964.5767
FDD28,699.9551
FDG53,3960.3203
FDO27,220.53842
NCF54,3097.552
FDC20,2068.7751
FDU10,628.3759
DRA24,1680.8228
FDA02,347.00766
FDG10,579.9232
FDW39,137.75508
FDP04,-15.053478
NCM55,3335.3108
FDG47,5695.1313
NCU41,3585.0647
NCK31,749.2926
FDZ46,1405.3547
FDU13,3014.8083
NCF19,539.88226
NCJ43,2585.0684
NCJ05,2351.5996
FDS04,2289.9358
FDX28,410.4356
FDB41,778.723
FDG53,1679.3784
FDL15,65.30913
FDQ08,991.3353
DRN36,1860.6273
FDI46,4874.756
FDG16,4099.889
FDV32,1107.9478
FDF44,96.48303
FDK04,677.8651
NCA41,2856.3872
FDD51,590.173
NCZ53,3428.2202
FDP01,2856.764
FDY25,3485.1416
FDB17,2643.6294
NCV54,1688.5358
FDJ32,573.9757
FDA37,1952.0515
FDG35,4266.0435
NCM05,4389.425
FDG45,3610.8708
FDH28,661.30695
NCE18,4781.8296
FDH38,2128.6575
FDR56,3125.8298
FDH17,2519.163
FDD39,3817.6516
FDB41,725.2386
NCR53,3859.869
FDX46,790.5704
FDV28,615.69806
FDA08,2053.24
FDH45,810.54504
NCS38,308.56406
FDD40,375.11142
DRM59,1598.1919
NCJ43,2117.278
NCN29,759.07605
NCC19,2912.4539
FDR56,3426.795
FDZ43,4273.313
FDJ32,315.11444
DRH03,1074.6309
NCZ54,2907.5222
FDE26,2853.4211
FDS03,1202.5007
DRZ24,258.50262
FDO48,4395.6577
FDW39,2221.2698
NCK05,1033.4235
NCK30,3863.996
FDT27,3142.023
FDS08,349.78632
NCJ19,954.0131
FDC58,700.50525
DRE37,2703.9714
FDW02,3229.1365
FDJ02,37.03307
FDX09,2690.8245
FDT31,156.39545
FDI24,3779.8223
FDY09,2708.304
FDV28,525.2349
DRM47,3970.72
FDT52,540.8958
FDI48,372.47485
FDY55,4256.4614
FDU48,1634.2009
FDN25,598.04614
FDP20,1733.6403
FDJ15,3993.6997
FDD04,1622.0289
FDY58,5115.498
FDR37,2773.0005
FDF44,2412.4192
FDD32,1208.6122
FDR57,1786.8093
DRG39,1803.7953
FDX15,2581.0227
DRN37,2099.908
FDW40,3198.7568
FDB32,1671.2653
FDM40,1847.205
FDE39,3244.094
DRH49,1540.2035
FDT46,1020.87805
NCF06,2860.669
FDP07,3013.07
FDC04,3774.6382
FDZ32,1250.2537
FDD50,2911.8108
FDU56,3169.7498
FDV34,1145.1034
NCY41,736.1872
NCK18,2391.8154
DRH25,1169.8655
FDT57,3170.0657
FDV56,1922.3367
FDV12,1644.28
FDN52,1314.6663
FDX38,830.9516
FDE47,1616.0945
NCO07,3282.24
FDV09,3532.4304
FDZ23,711.2223
DRH51,572.9105
NCY54,3080.8914
DRG49,4610.062
NCC19,4560.516
NCV53,5329.2476
FDZ47,28.835718
NCO26,1592.7382
NCP02,815.99176
NCW30,3364.7432
NCN55,4775.181
FDB20,264.2103
DRL11,2484.1323
DRD60,3201.3958
FDW14,367.40286
FDL27,-34.915405
FDU09,243.89427
DRH36,1943.8735
FDP34,3677.9185
FDE04,3256.0688
FDZ57,3330.971
FDF02,469.82324
FDG28,4172.275
NCI31,745.09015
FDT43,522.8295
FDU20,2123.1692
FDD53,576.6916
FDW15,2630.0256
NCT53,2443.3638
NCG55,2878.423
FDD48,2093.5227
FDG47,2820.5183
FDI21,850.645
FDT27,3170.4014
DRO35,2032.8114
FDD33,4589.895
FDC04,3480.0127
FDY34,2064.5703
DRJ49,1844.8953
FDE05,2259.3223
FDU31,3676.205
NCN19,3818.562
FDK56,5579.416
FDK58,1911.6764
NCJ42,1707.4016
FDZ34,4740.738
FDA52,2403.4976
NCR29,287.34625
FDT48,3637.5166
DRJ51,-184.8156
NCS54,3643.7773
FDV01,2372.4468
DRG51,3808.2068
NCG42,2463.002
FDA51,1672.2466
FDV19,-399.97845
NCT18,3345.4373
NCS41,2358.995
FDO03,4190.379
FDL12,175.80911
FDY37,-34.896523
FDI58,1846.8171
FDT28,2105.6099
NCC42,296.33972
FDO01,1847.4095
FDJ02,1898.2225
FDQ04,584.0515
DRL47,1553.6212
FDZ32,1264.6743
FDC35,3331.919
FDX14,1034.0154
FDZ35,1981.6964
FDL14,2006.5035
FDO04,849.6795
DRK11,2344.2458
FDB44,2238.0273
FDZ50,3403.6497
FDI12,2399.6667
FDU43,2042.1622
FDD58,153.40407
FDB27,2948.2886
FDB04,1342.8816
NCO17,1783.6179
FDL12,843.0373
DRJ13,2612.235
FDD57,1487.5452
FDW19,1518.3782
DRD27,818.3259
FDH27,3493.708
NCW30,6330.5225
FDR40,995.8643
FDG05,2165.895
NCY41,31.323133
FDI38,2903.5784
FDR20,399.70752
FDE09,1367.4363
FDN50,380.76358
DRF27,2394.7156
DRF51,777.75964
NCO02,231.64072
FDB51,1607.9723
FDJ50,523.15295
FDN52,1336.7556
FDX14,1339.7439
FDT27,-15.605254
FDV10,393.33713
FDU33,789.72974
FDU58,3148.7725
NCP42,4614.767
FDL51,4329.4976
DRH15,768.0945
FDU16,1148.4882
FDW15,2954.3489
FDQ44,2314.7534
NCI06,4849.41
DRK23,504.49774
FDC28,1620.1636
NCY17,103.18377
NCV05,1842.572
FDM34,205.53539
DRD60,5062.3447
FDT38,1372.1031
FDQ57,2120.0098
FDE59,913.50635
NCM43,2491.6338
DRI51,3345.7
NCG30,1818.2911
NCK54,2429.4646
FDQ16,201.43486
FDI36,2637.522
FDX16,2990.0703
FDA34,2500.2974
FDJ48,2916.8718
FDU47,2378.4287
FDS39,2019.417
FDD11,2951.4329
FDM16,1825.3977
FDU56,3017.3481
FDQ32,2232.2786
DRK35,809.3455
FDA58,3539.6763
DRG48,432.55115
FDT59,80.10033
FDQ31,152.25664
FDS51,98.60053
FDW32,2246.9822
FDI15,5636.4653
NCV30,1775.8792
DRG25,3626.5608
FDT02,261.53595
FDO33,3108.6628
FDP38,778.3431
FDZ45,3287.3276
NCA54,4863.067
FDU33,945.91724
FDN58,3146.4807
FDI05,1293.9869
FDM57,67.05414
NCS42,2288.609
FDB57,3318.955
FDC03,3048.8796
FDZ58,2374.8735
NCK29,2444.1077
NCR53,4784.752
FDE26,3795.8794
FDU52,2672.695
FDE41,2035.8114
FDU38,3253.8167
FDA52,2184.5305
FDW46,1089.3418
DRI59,4766.54
FDT38,1212.0961
FDL33,3527.6772
FDQ01,4888.87
FDJ08,2463.1924
FDQ47,726.7082
NCZ18,3865.677
FDE29,1169.0924
FDF10,2793.9412
FDC48,1367.0695
FDY58,5424.3657
NCX30,-218.5993
FDV11,2429.603
FDT46,922.99243
DRD01,19.590342
FDQ11,2933.122
NCM41,1312.558
NCC55,358.3429
FDG45,4427.9404
NCQ54,3081.8147
FDM34,2515.071
FDD17,-948.9054
FDN38,5022.1772
FDB53,2198.472
NCL06,4482.02
NCV18,314.07147
FDX25,3293.0356
FDB39,662.59576
FDC33,3496.5037
NCO14,403.86337
FDA58,3348.3389
NCQ02,3703.798
NCR53,4232.358
FDN52,1347.5667
FDG26,3435.58
FDE23,1383.6494
DRI37,983.6066
DRH37,2585.254
FDO01,2465.603
FDK45,1729.5542
FDP23,3602.829
FDM33,3916.3694
FDD36,2319.1716
FDL56,1410.43
FDT27,167.0487
FDG52,713.1265
NCL42,6040.3813
DRJ24,2739.3599
FDV38,665.5089
FDT35,2239.1887
FDY51,3035.2102
FDC37,1760.8914
NCP43,2341.4165
FDO33,1741.0952
FDW04,1525.9713
NCC31,2041.3682
FDK22,3511.4573
FDJ50,790.58167
FDV13,1545.5845
DRL60,2171.6204
FDW03,1862.0411
FDY27,1882.3605
FDB39,1594.7623
FDU59,2338.7395
FDZ57,1855.0063
FDO21,2503.7317
FDS43,1106.0994
FDU28,1074.4398
FDC51,198.69504
FDW16,198.88599
FDP32,304.10208
FDB60,-34.173077
NCQ30,1645.936
FDD26,3466.7627
FDI44,1208.813
DRH23,1344.82
FDO44,2874.5173
FDG04,3125.0554
FDM32,2629.3538
FDM09,2062.333
FDZ47,1500.324
FDM40,3047.9111
FDY48,1684.56
NCM30,458.18405
FDX36,505.83844
DRF03,598.0587
FDN51,4321.614
FDM57,1202.9193
FDB35,1663.8563
FDY13,2286.0789
FDA37,3046.0093
NCX53,2843.8152
FDD59,580.7939
FDX10,-53.723095
FDC03,3024.762
FDW43,3501.9653
FDW10,3714.2778
FDY14,5320.369
FDV43,647.2242
FDO40,2274.0637
FDP46,2562.2224
NCE43,213.08185
FDD05,2254.966
FDJ60,460.884
DRE27,1143.3958
FDO11,5757.0234
DRG11,2968.6475
FDK33,994.5206
DRM23,1708.196
FDJ02,4024.9253
NCZ05,1027.9973
NCL30,1922.2799
FDZ19,2268.0728
FDM45,2145.8945
FDO36,2565.6836
NCK31,567.23706
DRJ37,2121.28
FDP24,2018.4918
FDF46,1658.529
FDX46,107.14634
NCL18,2510.0088
FDJ26,2325.4202
FDJ07,2201.1724
FDY15,2273.1643
DRG01,1176.1
FDF58,1041.3014
FDZ14,442.4888
FDP31,693.2557
FDH45,925.6876
FDA09,648.01166
FDW31,2173.2585
FDA57,828.98944
NCE55,2433.697
FDC17,281.00867
FDC59,487.2518
FDA22,3085.8174
FDK52,3727.9167
NCM26,2149.3008
NCT53,2280.5515
FDW45,2419.725
NCI18,2812.4421
FDE38,2407.973
FDF08,256.72897
FDY58,1201.6506
FDF58,85.22002
FDX39,5193.906
FDB44,2711.8442
FDF28,1997.23
FDE39,2009.1758
FDT37,3086.786
FDZ45,3782.176
FDO40,2944.8633
FDM57,2193.2764
DRG36,3237.7866
FDY36,-398.02936
DRL60,4117.835
FDS25,314.52304
DRF49,2833.1226
FDP16,4705.329
FDS60,2058.2522
FDU15,1007.45447
FDK43,2281.0796
FDN25,733.4893
FDE53,1467.9626
FDB22,2837.8801
FDE39,2323.3281
FDX35,3572.827
NCG54,3593.986
FDH27,2031.6367
NCK42,2830.894
FDS25,1946.365
FDI10,2160.7656
FDU35,1952.3618
FDI04,3731.7256
DRK23,5421.4834
FDB53,114.08624
FDY02,3355.864
FDM60,673.52185
NCJ31,332.2257
DRP35,1694.031
NCQ30,1197.7501
DRL11,540.1956
FDU01,3038.9033
FDR39,3278.8333
FDO08,1927.8848
FDC02,4255.379
NCZ29,2305.1255
FDF29,347.8468
FDZ23,2631.6611
NCU53,1995.4547
NCW30,4063.303
NCM26,3243.4963
FDV50,2647.8086
FDW15,2549.7974
FDI35,5504.739
FDO11,4810.306
FDN48,1673.2638
NCA17,1650.4382
NCN54,1022.09546
FDP22,643.63666
NCB54,1737.297
FDD08,359.6669
DRM48,119.54977
FDG41,2773.7607
FDE44,1592.2156
FDE26,2455.5642
NCS38,1917.2043
NCJ54,2912.8718
FDI40,190.04686
FDN45,4302.6113
FDU43,2755.9734
FDI04,1181.7079
NCC07,938.7314
NCC07,406.79108
NCD18,5348.8022
FDU55,4946.5127
FDX59,541.88025
FDR52,2934.5408
NCP17,950.1321
FDQ32,1682.758
NCT17,3582.9924
FDO10,905.68054
FDE32,590.32074
FDN44,2944.4937
FDH02,1204.4851
FDK60,1409.5781
FDS24,-123.22015
FDL03,-36.50619
FDB46,4627.947
FDO48,3848.5186
FDZ39,1477.9191
FDT02,948.645
FDC50,1700.6654
FDP39,943.9916
DRG15,1025.7341
FDP10,1701.9025
FDF53,4965.9214
FDN34,2371.6055
FDK02,1590.465
FDC23,2810.9055
FDJ10,220.03664
FDE53,1685.8203
FDR25,5514.593
FDW50,2031.1266
FDS09,821.50446
FDW49,385.83023
FDU51,3247.89
FDF28,1807.3861
NCY30,2434.734
FDD44,4087.5198
FDX09,2823.0742
NCF30,1972.9781
FDZ50,853.6661
FDW37,1325.87
FDD11,2908.4912
DRH39,990.522
FDA36,2339.53
NCG43,1744.4146
FDF02,1537.2827
FDP57,2538.6755
NCE42,2458.4355
NCR38,4870.626
FDP03,192.7024
FDO51,816.7585
NCQ42,1421.8531
NCM41,983.123
FDH48,2604.2097
DRF60,3361.1243
FDJ27,1553.8367
FDQ14,2373.3477
FDN27,1483.7467
NCQ02,3013.374
FDJ33,2203.3892
FDP07,5345.5254
DRE01,3983.919
FDU36,1390.1052
FDL28,4287.928
NCX53,3391.1343
FDZ39,1394.9214
NCP42,2872.0662
FDJ14,1339.1633
FDK04,943.2799
NCC19,1508.7839
FDS09,1122.9183
FDZ02,1224.2473
FDD35,1696.979
NCY42,1925.683
FDB05,5217.5854
FDF20,3981.1252
NCO41,1333.1212
FDC40,2062.1282
FDV58,3430.493
FDZ57,1614.5989
DRM35,3293.8794
DRN36,1318.7317
FDQ13,1017.2043
DRO35,179.33084
NCD43,1733.9307
FDA51,1617.854
NCX17,4178.376
NCZ17,802.5996
FDR11,3056.0693
FDW34,3756.9534
FDN50,1710.965
FDS09,816.0885
FDS48,2188.6423
FDL44,3162.6033
DRF48,2220.7153
FDA14,1476.9357
NCD30,2236.6646
FDI16,1219.1438
NCG06,3463.2954
DRZ24,2437.2737
NCS17,1634.5404
FDB37,4093.6306
FDE10,1760.1646
FDC57,3217.1904
FDM12,2851.6807
FDE24,2029.6471
FDW22,3047.3118
DRD01,1031.6161
NCZ18,3693.1213
FDN49,686.66223
FDR22,2676.4812
FDV08,80.89382
FDY39,3847.1995
FDV36,2815.9658
FDO60,925.2009
FDU04,3031.2375
FDR20,1285.4943
FDW19,245.85632
FDU40,2534.2463
FDK15,1325.2968
DRF15,1887.3129
FDQ25,2832.5063
FDI48,-198.75124
FDS49,1731.4738
FDV22,3066.837
NCV42,1903.1599
FDX26,2993.56
FDI33,1412.874
FDZ14,1764.8363
FDG10,909.4434
FDM38,558.28534
FDG26,5454.4497
FDH46,1768.284
FDN13,1215.771
FDU57,2344.2
NCI06,2973.7844
FDM38,1447.0491
NCG42,193.36478
FDL39,2398.5596
FDT31,330.26697
FDV59,4122.959
FDB49,1566.6383
FDD58,1862.9531
DRN59,896.33716
FDX48,2439.0574
FDQ11,3253.2637
FDY12,942.983
FDQ11,3931.4194
DRI11,1665.0703
FDY32,4201.5503
FDS51,1808.3691
FDR19,122.6842
DRB13,3657.447
FDS21,1093.2345
FDQ40,2511.2422
NCE55,2666.0356
FDX43,3596.7832
FDS12,2755.2732
DRK01,2276.1067
FDN25,701.42993
FDB60,3025.381
FDQ13,1507.4624
DRK13,3346.4485
DRF25,511.81122
NCD42,447.43884
FDW25,1289.4144
NCV29,4917.9053
NCK42,2672.4204
DRJ13,3989.5715
DRD15,3052.2515
FDM27,2356.449
FDZ50,4105.9497
FDC04,2897.6995
FDF50,3555.0383
FDP15,3674.9712
FDK46,4372.3975
FDZ56,2387.256
FDY60,2258.5557
FDB10,4195.5405
FDR57,2001.8737
FDU58,3758.1926
FDH02,1302.8175
FDP48,3581.7783
FDI46,4074.9944
FDW56,4607.487
NCM19,388.7533
FDS50,5431.7017
FDK24,989.07776
FDO36,3286.57
FDK45,2885.8474
NCL05,816.8726
FDL32,1802.8956
FDA28,2324.4668
FDY36,812.9269
FDP32,2018.8063
FDL50,2046.4015
DRC24,2409.7786
NCS18,1931.2407
FDD16,1328.4646
NCV18,2000.7338
FDX07,1955.3761
NCZ05,2622.5847
NCI31,612.6522
FDK14,1182.8966
NCR06,1333.242
NCF54,3950.9402
DRG23,300.33954
FDD53,568.5316
NCM31,3309.905
FDT16,4696.975
FDR40,2027.4142
DRG25,4579.2705
FDT10,1061.3822
FDY32,2971.279
FDN50,1448.7042
FDZ35,225.01056
NCP54,2010.4719
NCD07,1643.6051
FDS02,3515.426
DRN59,510.04904
DRB24,2256.8801
FDP37,2977.207
DRB01,2952.4841
FDR47,4369.4023
NCM31,263.8037
NCF06,5237.6025
NCV17,3054.9705
FDS10,2508.9546
FDN52,1359.857
FDZ48,1916.7416
FDJ48,3561.7234
DRB13,4029.7195
FDV59,4447.3447
FDL32,1767.2736
FDZ12,2802.7148
NCR06,434.7238
FDP51,2036.3721
FDY22,1895.3215
FDZ38,3358.969
NCO54,901.0325
FDR23,2578.7048
FDM38,1052.2091
FDS25,1993.7113
FDZ22,1120.9148
FDZ20,1605.9636
FDD45,242.36172
FDN03,2804.3035
NCW30,2673.2178
FDY24,1634.662
FDJ26,686.8313
FDM15,2245.4092
NCW54,2054.557
FDA23,1648.0204
FDA39,132.65538
FDZ12,2716.6536
NCB42,2006.1368
FDL16,857.91736
FDO24,-113.22346
NCP42,3389.9736
FDR19,1832.6688
DRL01,3575.811
FDV37,3008.0535
FDI41,403.7319
FDF58,970.9234
NCF43,1717.939
FDN02,3350.7603
NCP41,1786.5789
NCY17,1300.8641
FDL58,5497.0513
NCA30,5810.1846
FDE46,1381.7926
FDY38,3577.8171
NCH29,2589.269
FDO20,3145.6404
FDP44,1400.3855
FDM02,2443.257
FDJ14,2264.0242
FDH04,327.97986
DRK23,4478.1074
NCW05,2394.5713
FDF12,2289.7883
FDL51,791.61456
FDN03,4589.4873
DRJ37,2628.9778
FDM12,-219.58023
FDA16,3239.6243
NCB07,2514.659
NCI17,208.29477
FDR51,2447.1074
FDJ55,4301.1772
NCZ17,875.1132
FDU25,874.51685
NCG18,1381.4694
DRM11,3400.8037
FDH16,1405.2087
FDZ04,722.57446
NCX53,2388.3418
FDX38,1360.7249
FDX09,3772.4502
NCW05,2360.458
NCS41,2694.413
FDI26,3876.4885
NCZ41,3152.3013
NCK06,1651.7014
FDX23,2466.348
NCA42,2484.2522
FDC20,636.399
DRC49,2092.0327
FDX01,1588.922
FDC08,3650.0742
FDC02,6465.8486
FDK10,2171.306
DRC24,3262.2222
FDW16,198.57637
NCU06,2785.527
DRA59,2378.725
FDR24,-116.40957
DRL35,466.47812
FDA49,1218.4385
NCC55,493.68945
DRD24,57.11108
NCE55,3316.1855
FDT33,2738.3179
NCT53,2439.126
FDS26,3313.157
FDL22,1322.6627
FDP44,1770.9802
FDC52,1862.9044
FDI53,209.63797
FDZ23,3683.6338
NCT18,3890.1326
FDR13,1618.1721
FDB09,482.93915
FDZ60,1194.5018
FDB11,3265.6611
FDC10,1520.5983
FDW56,4372.564
FDK14,2400.667
DRE27,2773.4392
FDA38,2771.6187
FDT11,2480.456
FDP15,4202.437
FDV27,1337.9493
FDS36,2492.0732
FDY40,1484.3445
NCF19,761.8422
FDF53,3067.101
FDS14,3618.4578
FDE56,1034.5555
FDZ19,3084.9158
FDZ46,1823.7429
FDR16,5126.463
FDG29,321.9408
NCE30,2871.6409
FDZ40,1274.2766
FDG58,2310.6753
DRH03,1177.5436
FDZ47,1205.5844
FDV04,2224.9724
FDZ10,1992.4121
FDG46,2220.05
NCF07,1460.4568
FDY44,3847.2617
FDB21,3111.0615
FDS20,3315.3137
FDS49,1342.098
FDX55,4041.6655
NCQ02,2800.9553
FDR25,5404.346
DRG39,835.21246
FDB46,2985.93
NCC30,2371.589
FDE58,2059.235
FDC05,682.0678
FDY15,2740.9888
FDG14,2837.298
FDL08,3652.1443
FDQ47,583.5937
FDN12,2320.7686
FDW10,3517.206
FDD02,2095.3428
FDX35,152.45248
FDT35,3624.9778
DRN47,468.25995
FDB11,469.64163
FDN20,3259.2756
FDB59,2952.4321
FDJ58,3199.4983
FDU60,3521.3276
FDS03,1309.391
FDU40,125.623985
DRH15,861.748
FDD04,3629.0854
FDQ01,4082.6694
FDF28,2036.0802
FDD22,619.81866
FDY19,2124.377
FDN33,1623.219
FDV36,2723.0283
FDW01,214.31467
FDJ28,3487.1372
FDB17,3327.4373
FDM40,1842.695
FDV46,1741.2258
FDQ44,2025.4268
NCD42,541.9199
DRH37,2516.5044
FDR10,1998.3875
NCD06,1451.2402
FDI53,2063.6108
FDG16,4587.4165
DRB25,1672.3501
FDY09,2439.9258
FDX48,3001.0325
FDC03,713.57025
FDT47,1949.731
FDW44,3727.975
FDT24,1878.2234
FDT12,311.20682
NCS38,1789.2815
FDO39,3495.8877
FDA13,677.01416
FDO48,3708.0452
DRJ01,2293.831
FDD53,381.18103
NCT05,4927.65
FDQ51,799.89343
FDU60,2913.8867
FDC59,876.3806
FDP36,789.9124
NCM19,1881.1014
FDL16,803.70154
FDE50,2724.6802
NCR18,512.8066
NCD30,1873.7151
FDH31,1396.3032
FDD56,196.56712
FDC47,4663.546
FDZ21,1488.2646
FDM01,1683.1422
FDF24,1131.5588
FDW23,666.7382
FDY52,943.0411
DRH37,4151.8516
DRO47,2911.7085
FDR25,4110.9224
FDQ24,5673.236
DRJ51,4699.4233
NCU06,4422.525
NCV18,1614.5962
NCC06,2679.6853
FDZ01,1749.3823
FDT14,2235.1936
FDD11,190.55786
FDN09,4040.625
NCO18,958.5787
FDZ50,3020.6274
FDS44,4128.1465
FDI36,2544.8796
FDA26,647.16504
NCY53,1947.3137
FDF32,3200.7393
FDF59,-27.356043
FDB20,1335.7323
DRH11,857.46124
FDT03,1608.9178
NCH06,4224.1147
FDR55,3494.7063
FDI10,3267.6118
FDZ12,2307.7437
FDM12,3126.3606
DRB25,1485.2833
NCS41,2747.6814
NCT53,2759.6667
NCD55,553.86884
FDY08,2073.821
NCP55,873.56836
FDA33,2289.6904
FDQ33,3479.7622
FDE45,4005.9126
FDT26,1858.6943
NCV53,5097.459
FDK60,2743.6294
NCJ29,1216.2446
FDI15,5725.6113
FDX21,1799.387
FDV49,1076.5667
DRO59,1416.717
FDZ14,1521.7709
FDP32,3305.9512
FDC33,2753.2358
FDT14,146.4768
NCN54,2093.0815
FDR57,4265.3687
DRK12,415.58743
FDX52,3213.9792
FDX08,108.07607
FDP10,132.76016
NCP50,1277.4187
NCL06,4237.2324
FDP25,3320.5327
FDE53,1348.0768
FDL27,1393.0028
FDC35,3026.5215
DRJ47,707.20447
FDD16,1359.5659
NCN42,2769.4543
FDC38,2580.1985
NCO07,2959.6545
FDQ20,595.166
FDI32,2333.051
FDN20,456.91763
DRJ51,5569.074
FDU08,1284.1125
DRN37,385.54266
FDD05,446.7278
FDW15,2416.0676
FDI52,2036.0122
DRM11,4137.206
NCO06,247.19244
FDU38,3572.7463
FDU59,2773.3188
FDJ10,2408.0298
FDM13,1621.7626
NCJ30,297.1914
FDM45,2191.362
FDP36,805.96124
NCD30,87.25333
FDN48,1669.1427
FDY32,3128.3494
FDU47,2023.3853
FDF17,503.13397
FDP34,2738.9878
FDA47,2655.1885
DRD27,2396.3823
FDW38,928.53156
FDZ15,394.9372
FDZ03,4865.3325
NCN19,2608.459
FDG02,2046.4608
FDS31,3593.8254
FDW43,296.21597
FDZ47,-23.460663
FDO57,2805.0693
NCL07,490.49402
NCV42,1678.5508
FDP40,2021.6582
FDP48,-33.486732
FDH21,2312.9646
NCP02,974.1739
FDK24,849.515
FDC41,1179.0115
FDF08,1550.121
FDO49,693.9741
FDS56,6044.8
FDX46,774.56134
FDQ07,3383.7544
FDC32,192.33553
FDT21,-124.07863
FDG58,2283.3328
FDW14,1368.9674
DRA12,3483.1885
FDV27,1279.4628
DRD25,2150.9077
DRF48,4634.89
FDX24,1838.681
DRJ51,3856.988
FDE45,3477.618
FDE14,1761.7719
FDG53,1570.5972
FDT08,2667.8762
DRC27,4724.3267
FDG20,2216.4995
FDC21,1477.8871
FDV31,2504.6125
FDB58,2129.1238
FDV23,1864.0957
FDA25,221.47899
FDC15,2185.2727
FDU47,2374.407
FDE23,653.2798
FDS08,2738.7415
FDW03,2550.1516
FDJ60,2393.1482
FDM34,1858.2765
FDW33,1752.2797
FDZ40,631.61456
FDE33,848.4915
NCC06,229.17104
FDU11,1761.2462
FDL44,2910.584
NCZ29,2183.7717
FDG28,-1.9894543
FDL12,809.8062
FDD52,1477.1536
FDO15,1005.5969
NCN29,1038.7488
FDW36,1651.9685
FDB21,3297.513
FDZ28,1961.1442
FDY10,2225.809
DRG39,808.1768
FDN28,1504.5687
FDV15,2209.4563
DRI13,3691.0457
FDH20,1843.5159
FDY51,3567.1167
FDE16,3648.426
FDX40,231.92125
FDC48,1028.5627
FDS14,2341.2576
FDX56,5462.4272
FDI10,3050.3037
FDI14,2287.2874
DRM48,1032.6301
NCH07,3949.2908
FDY26,4116.9585
FDD02,2585.6038
FDM12,3505.5935
DRF01,487.99146
FDV36,2693.0273
DRI59,4209.358
FDV03,1921.3086
FDO39,4047.197
NCB07,2169.6233
FDH38,2792.5823
FDZ13,622.2524
NCZ30,1884.1305
NCA06,431.37167
FDB04,1242.765
FDN50,1327.1621
NCG06,3964.5806
NCY17,642.109
FDC23,2567.747
FDK33,3057.102
FDR03,4316.5244
FDZ07,932.4627
FDO38,1343.9236
FDS59,2056.4868
DRM11,548.2395
FDX52,5064.714
DRJ35,548.6171
NCP53,4048.8064
FDW15,531.7874
DRI47,2599.983
DRZ11,1835.9838
FDS02,2673.9849
DRD49,4538.088
FDW38,1249.6947
FDR21,476.09576
FDE40,721.2907
FDI02,1853.421
FDQ04,631.1185
FDY14,3693.5835
NCT54,1030.601
DRD25,2221.3271
DRE01,4432.6167
FDJ12,502.8113
NCZ05,1929.4218
DRB25,-0.52352333
NCC31,2356.791
FDM16,800.972
DRG11,1956.5685
FDV24,3272.1218
FDV43,557.6866
FDG05,2095.8318
FDV23,277.57822
FDI58,1432.7865
FDQ11,4629.852
FDC05,4899.264
FDF40,3117.0183
FDU02,3663.9766
FDT32,4458.366
NCF06,3461.623
FDT46,835.2369
FDR58,152.23056
FDY04,2426.1
FDT58,2554.3772
FDE46,1863.813
DRH11,703.81226
DRI51,2895.875
FDC35,3385.8875
FDP45,3542.845
FDC45,2724.993
FDU01,2552.9573
FDJ53,95.64495
FDJ46,2580.7183
FDX07,2591.3428
NCI30,3799.8477
FDE47,3289.2837
FDV48,1343.4904
FDN16,146.27332
FDM52,3408.1694
FDA32,4211.673
FDH05,3711.6514
FDW25,218.87306
FDQ09,1933.2896
NCM17,205.44092
DRM59,1831.3658
FDV47,2207.0923
DRE15,1420.2006
FDS25,219.88962
NCZ05,909.8884
NCV05,239.55365
DRM37,3987.7825
FDV58,4938.6655
FDN22,4636.1284
NCO06,518.5449
FDT56,163.05966
FDM02,1274.7417
FDA09,2713.5635
NCC06,3217.1233
NCL54,3203.2415
NCB55,921.5056
FDB12,1821.0547
NCA54,3470.0083
NCS38,1951.9349
FDC02,4735.722
FDK44,16.773584
FDE16,4726.139
NCS05,2370.5933
FDZ59,3119.237
FDI20,4229.064
FDQ14,2652.2883
FDF53,3462.659
FDW25,1890.8425
NCQ43,227.69247
FDX52,3096.429
FDE28,3871.5957
FDN15,2160.6404
FDO28,1700.4445
FDQ33,2701.4346
FDM22,300.63638
FDJ03,785.387
FDI16,822.3926
FDI09,5651.931
FDX55,4182.9155
FDS23,2681.044
DRC12,2472.9822
FDH41,3345.1902
FDN01,2134.241
FDV55,2646.476
NCJ19,1448.4475
NCY29,361.51324
FDP03,1352.1979
FDZ52,1630.2214
FDH31,397.25262
FDQ19,3646.4565
FDS15,1873.4811
FDN32,3687.2576
FDH32,1524.7358
FDF33,1697.2631
FDJ22,2239.7983
FDG56,148.15176
FDC05,3009.7004
FDK09,3949.2874
NCV29,1933.6127
NCC43,270.60086
NCA42,2422.5234
FDC10,1723.5258
FDC16,1165.1925
NCL17,2036.6447
FDA51,1851.8134
FDW01,2375.593
NCF30,1804.0277
FDN49,571.7717
FDY20,1351.6748
FDC15,1919.0822
FDY24,1532.2006
NCG43,1824.376
FDA48,3673.802
NCF55,402.66092
FDL38,1629.6147
NCQ29,2852.9602
FDC34,3869.7656
FDP36,1387.3041
FDN50,294.64993
FDO23,1579.8544
FDT56,1027.1422
FDT13,5065.678
FDZ03,2596.1306
FDQ03,361.20938
FDU44,2738.2576
FDD03,4367.435
NCH30,1703.1165
FDS60,452.3977
FDG08,3053.6924
FDX38,755.50604
FDD22,1909.9161
FDW51,2856.315
FDL09,2379.1533
FDZ60,853.26624
NCH07,2473.1702
NCQ41,3358.6582
FDW04,1908.8884
FDI08,6346.396
FDR19,139.84178
FDV13,1408.9137
FDB52,2626.166
FDZ48,2924.8657
NCO14,754.20654
FDZ50,4179.907
FDN27,229.30382
FDQ60,2506.178
FDR49,828.2708
DRJ35,1834.442
DRI49,1517.1991
FDB47,3784.2805
FDP37,469.93796
FDR26,1672.468
FDY31,541.00397
FDC11,1435.9537
DRP47,4737.643
NCY54,2289.4487
FDR27,2307.6792
FDQ21,440.5211
NCQ29,3346.0083
FDJ02,2324.3203
FDE21,1371.8724
FDM39,3031.0378
FDZ01,1985.0627
NCB19,1602.6202
FDU03,2972.0923
FDP27,4620.8613
DRF01,2678.0862
FDM03,1100.9116
FDV01,2260.7207
FDS16,3128.168
FDO45,1368.8693
NCX06,2951.7544
FDP13,737.6622
NCR38,3539.8516
FDA01,691.7865
FDT26,1772.5305
FDD44,4854.163
FDB26,710.2171
FDP45,355.21347
NCP55,655.41266
FDT23,1332.2842
FDO51,664.8297
FDA44,889.348
NCJ31,3376.9363
FDX37,1531.674
NCD18,2932.7695
FDN40,3558.6294
FDL33,2907.2969
DRF48,1900.8508
FDW08,1554.2626
FDX39,2901.8896
FDB38,3292.856
FDY46,2587.6167
NCB06,2729.6892
FDA34,3125.358
FDA35,2013.2172
FDQ07,4064.8193
FDU32,1589.4368
FDU26,1621.1472
FDU13,388.52777
FDO09,3099.722
FDW03,51.4549
FDB38,2550.0076
FDL26,291.11914
NCN43,1902.2759
FDH08,4804.031
NCC31,60.41884
FDH14,2566.302
FDL40,1676.8002
FDD20,2503.758
NCV53,5566.86
FDD16,900.4552
FDP24,1494.8644
FDQ25,3391.0068
FDM38,1341.9218
NCT18,767.272
FDM34,2020.4265
DRH37,491.11066
NCE07,1960.8005
FDG12,1872.8882
FDB59,-96.23384
FDS10,2255.8926
FDN21,179.77313
FDM02,926.3219
FDO44,2697.5215
NCN17,1527.0021
FDH16,1191.7665
FDL44,2793.3164
FDY47,1735.6304
DRI39,842.49713
NCX54,1498.4735
FDE59,760.42804
FDO46,2995.683
DRE13,1291.5723
FDW14,1332.0034
FDF35,1230.3578
FDO50,660.2002
DRF49,2164.6836
FDT60,2488.5994
FDP38,567.6458
FDA31,3975.5562
FDY52,165.26682
FDD03,4815.682
FDN52,1131.7913
FDU20,955.89954
FDD22,2587.3596
NCB55,165.12982
FDN27,876.2484
FDD16,1517.1743
FDW48,735.51
DRN35,658.93713
FDX25,2855.764
DRD49,3801.299
FDE21,749.1231
FDN44,3076.5144
DRC01,652.45636
NCK30,4123.478
FDU39,748.3807
FDB49,1513.7465
FDS12,2440.3147
FDR57,2467.4016
FDX22,5523.4326
FDC60,1855.4525
NCE42,1920.1053
NCK42,4408.172
DRE01,3879.992
FDE57,1651.3331
DRK59,244.77797
FDB10,3472.7754
FDQ25,2136.4023
FDY26,4394.7563
FDG28,3500.1519
FDM14,1822.0295
NCH29,1547.7601
FDD48,2219.8547
FDC17,4346.876
DRH49,2442.4443
FDN44,1699.1354
FDC29,1848.2684
DRK01,103.78592
FDD48,2266.9287
FDB59,3005.199
FDY45,225.7846
FDX60,997.26733
FDT09,242.99442
DRB24,2519.2288
FDL13,4103.4854
FDN16,2161.9204
FDK57,2035.1562
FDO22,1989.7941
FDC57,-790.3496
FDZ13,1289.59
FDW27,2253.7646
FDX10,679.35095
FDY08,1765.857
FDA49,1168.9331
FDC32,1459.5181
FDO04,806.9496
NCZ54,3028.9353
FDY40,696.57166
FDW36,1748.8457
FDE11,3462.044
DRE37,3567.0325
NCK19,3681.962
FDT19,3160.7542
FDE56,1239.6461
FDZ57,-280.51068
FDB35,1767.9088
FDF09,-39.095623
FDO34,3039.5183
FDA55,4529.8975
NCM18,1108.58
FDJ20,239.28087
DRQ35,498.25446
FDG02,1883.6655
NCU29,2528.0598
FDL27,1933.301
NCA54,3555.3086
FDJ32,501.79633
FDB21,468.01675
FDR46,2746.7312
FDZ32,1126.4901
DRF36,4051.4915
NCU54,2854.666
NCI31,745.618
DRA59,2458.5205
NCC55,390.19727
FDE44,492.37396
NCN26,1314.1957
FDC11,1126.9827
FDV24,1532.7908
FDR40,41.54676
NCQ17,2680.9377
FDC46,3029.98
NCM18,1001.3712
FDK16,1555.8885
FDI28,1067.3037
FDS11,4286.903
DRD13,989.95856
FDL36,1650.7335
FDI27,376.94888
FDJ53,-9.678403
FDS44,3828.8792
FDE28,3750.5796
FDQ33,2754.722
FDB37,3894.675
FDQ31,1303.9207
NCQ05,2893.3594
FDE10,1885.4834
FDF38,460.39496
FDE50,1203.5962
DRG37,406.51797
NCH06,4506.7485
FDY14,4613.067
FDO27,1463.6705
FDQ19,4073.704
FDZ26,823.89075
FDN51,4620.141
FDK20,2260.2368
FDD40,1614.1492
DRI25,898.0612
FDH56,1933.5872
FDI36,5350.5845
DRH11,550.9747
NCV18,1577.5205
DRI01,3697.5554
DRE48,3120.9102
FDS51,1173.795
FDM38,1494.1392
FDB60,4502.673
FDY58,5295.4507
FDY22,2156.2346
FDF11,5042.7485
FDZ51,1450.8768
FDQ45,3304.612
FDF17,2698.919
NCF31,2948.236
FDA37,1846.778
FDO51,829.60626
FDF34,1504.9673
FDD57,1249.0323
FDO37,3875.9514
FDR49,749.65955
FDS39,1979.1313
FDI48,1645.8014
DRM35,3645.1436
FDV57,2614.8794
FDZ55,2461.253
FDI28,1386.0303
FDS21,908.58276
FDT34,1667.5834
DRI25,952.9182
FDT47,552.85126
DRH39,1408.546
NCD54,2051.373
FDU16,2245.9497
NCW29,1262.8834
FDV25,5521.8745
FDM56,1735.974
FDZ04,1736.8593
FDG59,50.663982
FDI56,1507.5875
FDS33,1603.7979
FDC23,2767.6772
FDT11,2130.7842
FDG17,4811.0493
FDZ44,871.02386
FDJ52,2027.9929
DRI23,3220.8525
DRE15,-9.843786
NCF07,1517.4038
NCR29,1043.7244
FDE44,64.1224
FDT23,1644.3358
NCG06,3161.4014
NCU41,689.84625
FDH46,1557.8807
FDV31,3161.7537
NCT41,3958.013
FDE22,4075.7659
FDC26,1468.8145
DRF51,778.14087
NCY53,473.069
FDY21,4338.3574
FDL27,975.047
FDZ34,3563.5547
NCF43,389.1908
FDC21,1515.951
FDL26,2591.7507
FDT25,169.33105
NCR30,1169.5284
DRL23,346.9868
NCR05,2486.0225
NCE19,865.2248
FDY07,700.9508
FDB10,3551.0254
FDP57,1795.6213
FDU48,504.94333
FDH48,1442.822
FDO33,2370.338
NCU29,2218.0647
FDW35,745.27374
FDH05,-189.08427
FDP26,1430.072
DRG27,1091.4695
FDQ33,2620.8992
FDH20,342.7095
FDV14,1172.1675
DRD01,981.33496
NCI17,1671.8088
FDF39,279.87894
FDX37,1614.3333
NCX17,4594.972
FDN03,4650.465
NCS41,474.3324
FDH34,2643.0774
NCX53,2160.7793
FDY31,1981.2556
FDD20,2520.4346
FDE51,755.28204
FDV27,1232.95
FDF16,2516.2412
FDZ02,1015.4618
NCK05,1111.5887
FDM12,3830.2007
NCA05,1517.1133
FDX33,1892.3031
FDM25,2701.9688
FDE41,1275.3578
FDW14,1260.2349
NCD30,1646.7722
FDB23,358.1989
FDF45,1145.0919
FDW20,2289.2341
FDF47,3994.053
NCR05,917.36444
DRB01,2198.4292
FDE36,2802.7964
FDU56,2709.431
FDB23,3883.5688
FDN48,1459.0646
FDS43,2209.0989
NCN05,2601.7756
NCL53,2716.2397
FDL56,1255.3046
FDH17,1150.2141
FDP37,2181.7246
FDG09,432.2642
FDA55,3851.9324
FDX31,3322.8977
FDJ41,2876.6865
DRC24,2721.0125
FDQ21,2841.6152
NCT54,1370.3131
FDH08,4117.8735
FDY38,4153.1885
DRM11,407.51227
FDG32,2524.5461
NCH18,2662.009
FDI20,5562.4814
FDA33,2088.236
FDN45,3907.3643
FDT45,487.83508
FDR32,4321.9404
FDA48,4291.7354
FDN23,2246.6553
NCR18,731.7556
FDD45,1652.951
FDI22,3575.248
FDT09,2495.4216
DRC24,4073.9885
FDT39,2382.8467
FDX28,1527.4816
FDA50,1667.9095
FDT33,4040.967
FDQ60,2049.9946
NCM19,1853.3129
FDF40,2395.7852
NCI30,4679.9956
FDK34,4241.995
FDA38,5152.46
FDT02,372.70587
FDC11,1573.859
FDD08,695.89343
NCS29,3770.7837
DRI03,4.0723734
FDK48,963.07104
FDM52,2349.6526
FDP49,819.80176
DRA24,1745.8989
NCJ43,3400.6042
FDE11,3179.7336
FDP01,1802.0394
FDQ59,912.3398
FDA43,-238.82295
FDL14,2550.372
FDV50,151.23862
FDT01,5473.745
NCC42,2099.7969
FDO28,1698.835
FDD32,127.07983
FDV45,2523.9817
NCW17,363.19064
NCJ17,1728.8535
NCF18,3594.0498
FDP01,1521.1675
FDH24,2702.7512
FDI38,4763.4336
FDX03,678.34503
FDY28,3527.8394
FDN34,2119.4358
FDJ02,2389.9424
FDW40,273.64218
FDX03,724.32654
FDE17,3689.222
FDT58,2216.8474
FDI38,3282.6804
FDW22,3873.291
FDS15,2564.3792
NCX06,3450.618
DRK47,3906.1333
FDC23,4780.0273
FDM56,210.53108
FDP21,3684.5967
FDP58,2669.5835
FDA27,1413.3856
FDK41,176.65027
NCH42,4400.4136
FDG29,442.6935
FDW15,2226.0928
FDD28,715.1774
FDQ37,4525.7217
FDC23,4036.1902
FDV13,1868.4625
FDK33,4264.576
FDO33,2456.5698
FDN21,2416.832
NCW06,4489.6445
FDI38,3899.6787
FDC21,2074.2676
NCS05,2244.9617
NCN53,505.63104
FDV40,67.03965
FDG60,5192.2227
NCY30,5026.1396
FDM40,1669.306
NCO30,3024.7026
FDK10,2050.702
FDM36,3126.3362
FDN10,1805.9017
FDM46,1289.1608
FDX50,1597.0391
FDP33,3884.1843
FDO12,2565.0476
FDC28,1521.0372
FDO31,1303.5454
FDX45,2085.9158
FDV21,2352.7058
FDH04,1370.6572
NCG54,3166.363
FDO13,2410.9202
FDA09,4921.5054
FDC38,1785.9495
NCO42,2025.7991
FDL45,2171.5469
NCK31,575.97076
FDM39,3037.5964
FDC22,859.09326
FDF46,1595.8855
FDQ37,3952.8186
FDH41,326.21597
FDQ04,747.7844
NCQ02,3373.0786
FDJ57,4276.972
NCE07,2257.1995
FDE56,948.5386
FDI20,4663.4653
FDK36,660.8959
FDP08,4918.499
FDF44,3280.6182
NCU53,2196.2622
FDF47,3060.4404
FDS55,363.99948
FDZ52,4.697924
FDL04,1389.6586
NCM26,2669.2837
FDX43,1928.1014
FDP52,4426.943
DRK49,372.7077
FDE38,2347.9202
DRF13,2726.0447
FDK41,95.528275
FDJ04,2940.7327
FDZ44,1410.0424
FDS11,3103.0098
FDA55,4673.126
NCW53,2968.0942
FDB49,2631.16
FDD23,3058.0613
NCV42,2746.5964
NCZ29,1869.3555
FDQ26,777.3311
FDV08,604.11676
FDC53,1044.5778
FDV58,1105.1821
NCP02,251.66461
DRI37,781.67535
FDQ12,3989.0735
FDE33,1158.3895
FDX27,1118.7233
FDM22,866.9241
NCH30,328.91528
FDC04,3326.633
FDO38,1500.7302
FDV52,2788.0122
FDB32,1881.7362
FDV43,468.43216
FDI24,2839.2412
FDR40,1652.8098
FDW02,2960.0068
FDE44,1241.3718
FDL38,1571.3237
NCT54,217.07593
DRJ39,389.5362
FDW55,3785.4333
DRF13,174.15503
NCW17,2279.3857
FDP13,736.3387
FDS08,2098.3037
NCP17,1046.4641
NCO53,3914.5327
FDH19,2787.1616
FDJ04,1988.7043
FDG10,433.8142
FDA40,317.69058
FDI53,2263.5747
FDU09,419.1087
FDK60,1290.2709
FDR43,681.4158
FDW22,3517.8672
DRP47,284.81055
DRG48,556.81915
FDA14,2344.7468
FDU49,1262.0317
FDK28,3794.1797
FDT19,3778.629
NCQ42,1676.6238
FDD03,3142.314
NCM53,1596.053
NCX53,3553.5215
FDV14,2323.938
NCZ54,3478.718
FDB39,654.97754
DRC24,2605.8403
FDY36,791.3441
FDN01,2920.8735
DRH25,890.37665
FDV08,950.08746
NCP53,4552.5635
FDU52,338.27878
NCI42,2432.108
FDZ14,2075.2134
FDF11,3564.3188
FDQ13,1372.2539
FDO32,217.7463
DRJ37,2290.97
FDY43,2545.9294
NCT41,2667.2812
NCV17,2330.4739
FDM04,1393.5645
DRB48,771.0952
FDM24,2185.4304
FDT37,3626.2363
NCO05,340.3645
FDL13,3612.4968
FDL15,1955.9005
FDB11,2980.398
FDL14,161.55344
FDY10,152.98436
FDJ40,1980.8822
NCW18,2785.698
NCY06,2214.4932
DRE13,1253.4104
FDA26,3838.627
NCE19,255.5824
FDE33,1389.1542
DRL59,1415.6263
FDY07,719.9129
FDF57,1813.5874
FDM58,1927.1628
FDP26,2552.5842
FDY32,3416.1677
FDD51,83.89861
FDU22,1909.8048
FDZ49,3588.4639
NCI42,4058.0002
FDT04,776.6597
NCU41,3106.4175
FDS56,2012.0627
NCN42,2404.4595
FDK34,4022.2817
FDB03,3816.345
DRJ25,598.8833
FDT25,3150.1536
FDN20,2771.4724
FDP09,3671.8477
FDM20,-368.12827
NCG55,2106.3909
NCP14,1991.4762
NCH06,2944.0664
FDV52,1961.3167
NCL07,830.15784
DRJ11,4060.4268
DRO59,1136.327
FDW15,-288.59317
NCQ30,1916.6389
NCN54,109.08625
FDY01,3295.5364
FDX39,3503.7146
FDH53,2189.21
FDA57,750.5414
NCC07,246.27408
FDU28,2343.37
FDK36,146.27083
FDR36,661.8165
NCQ17,2567.2644
FDS28,215.03291
FDE08,2415.079
FDU22,2520.3992
FDG41,1401.8876
FDO31,177.03833
FDM21,91.675385
FDU40,2950.282
FDV36,2210.1956
FDT10,1642.1609
FDX38,794.2982
NCU30,3870.5332
NCV06,3650.4585
FDT16,4461.318
NCP41,2168.6868
FDZ56,3093.2415
FDC22,2636.4978
FDU10,730.45953
FDS46,1835.4447
FDO08,2889.2322
NCV42,1302.4905
FDP33,3538.6628
FDJ12,3584.356
FDH04,1143.5225
NCU54,2856.8271
FDO36,575.86786
FDT37,4128.3296
FDD14,583.7854
FDA16,3908.436
NCS42,427.45758
FDP10,306.70016
FDQ28,2130.4744
FDK57,125.06957
FDK02,2118.2083
FDW47,1911.9171
NCC42,1897.6989
FDQ37,5148.3755
FDL40,1460.3638
DRE13,146.27138
FDQ34,2968.0764
NCB54,1832.6863
FDS48,2316.008
FDO15,1008.10547
NCT30,778.1154
FDU49,2367.1538
FDE21,3047.954
FDS49,198.30963
FDT38,2263.6562
FDZ01,1727.6123
FDC41,1250.3467
DRG13,560.69525
NCZ42,4441.1543
NCM07,1471.1436
NCV17,2125.2834
DRK39,1535.1735
FDS37,1630.7069
FDV12,-52.43089
NCG19,3375.756
FDS51,738.2968
NCO14,443.73096
FDC38,1606.3085
FDN15,1917.2715
NCH42,4092.0942
FDQ22,491.71344
FDC05,2895.2595
FDZ31,3970.825
DRJ23,4164.9194
FDC52,2291.297
DRD12,1.3270977
FDV55,2368.058
FDD32,1201.8082
FDR01,3019.823
FDY08,170.38931
FDQ45,3431.9255
DRN11,3067.5015
NCS05,1826.3955
FDY32,2683.026
NCD31,3123.1091
NCE06,2382.437
NCP14,2196.9824
NCF18,475.1555
FDF14,1833.092
FDB22,1925.5475
NCH54,2956.781
FDU27,647.09125
FDS58,4008.015
NCU29,3011.281
FDJ57,2849.4724
FDL56,1359.8245
FDH60,3162.0264
FDN24,787.6676
FDD02,2608.4927
FDP15,4158.887
FDB28,4902.696
DRC49,2235.4749
NCG30,2028.0867
FDJ14,1346.1234
FDL52,554.47034
NCG19,4837.1733
NCN41,2188.6746
FDW22,3440.09
FDI02,2073.0935
FDV51,2213.9392
FDV48,1449.11
NCL17,320.3796
FDP46,1386.0916
FDU10,557.94653
FDT37,69.365776
FDI27,897.01917
FDN51,3251.062
FDW07,1144.7361
FDN45,2810.037
DRN37,4046.2776
DRF48,1878.9628
FDP38,-46.54933
NCX18,5371.299
FDK45,1637.1624
FDZ37,1350.3484
FDS50,2923.613
NCR54,2655.0571
NCS17,1680.0044
FDV31,2239.192
DRE27,1505.9575
FDN60,3149.73
FDK26,3739.4424
FDX37,1291.5521
FDW31,2187.572
FDX26,2768.048
DRL49,-53.548992
FDU49,1446.0963
FDY58,3747.6719
FDN03,4438.342
NCV06,147.41846
FDH53,1137.2913
FDG31,746.24347
NCC06,3028.161
FDS13,3411.674
FDP16,4334.589
FDA35,2051.0771
DRP47,3240.8523
FDY28,1068.8376
FDY20,1143.7291
NCH30,2263.3457
NCR29,328.24207
NCP05,2456.3357
NCF30,311.2653
FDA08,2326.4963
FDN51,5998.4097
FDH12,1527.6786
FDY39,3227.7466
NCO53,3022.0974
FDB40,2202.8396
FDH02,1127.8978
FDY11,1551.3405
FDQ09,229.8192
FDP16,3417.086
NCF55,386.6593
FDY09,4768.1265
FDY39,3352.7332
NCU53,1946.8367
NCT41,2072.8137
FDJ45,956.5597
FDR28,2552.29
FDN08,2221.724
FDJ07,2068.033
FDZ09,3961.9492
FDQ14,2370.7322
FDY12,1267.5887
FDK57,2002.7402
FDD20,2185.6555
FDS36,2638.0496
FDI40,1813.8328
FDJ40,1859.5208
FDE08,2594.7258
DRK01,1312.914
FDC58,593.3814
FDE50,3620.313
FDX48,1547.7428
DRM35,2616.5854
FDG41,1535.3302
FDB52,2611.1096
FDV19,2604.902
DRG48,2565.0806
FDI26,3097.1785
FDU11,235.4408
FDF59,-148.91505
FDR07,720.91064
NCE06,1593.8066
FDE10,1834.3822
NCO55,1599.3771
FDZ13,769.14386
FDT50,1481.3104
FDH12,287.92795
FDD21,2014.7577
NCM05,5061.0996
FDK04,752.7211
FDN33,1788.8872
NCM18,169.21219
DRC25,1095.844
FDT47,2119.0273
FDD45,3022.7932
NCD07,1335.0632
NCY54,-9.472298
FDL12,1386.3733
FDL02,2117.487
FDC60,1683.3184
FDR37,3096.1685
FDY16,4318.2783
FDU26,1661.2346
FDN24,1014.67975
FDH44,2081.9883
FDE23,58.997818
FDW60,2872.709
FDQ55,2278.923
FDV32,1831.9172
FDV03,260.19177
FDY14,993.1036
NCL55,4852.4243
DRF25,835.17487
FDX03,721.282
FDF40,3561.599
FDX24,749.08417
FDA25,1640.7227
FDH21,2395.3286
FDB47,103.967224
FDT34,222.48329
FDS39,207.62473
NCU05,1425.5323
FDE02,1434.0305
FDL25,1273.2806
FDC50,1786.3094
FDZ32,907.56085
FDV14,1366.4623
FDR07,391.6053
FDB26,755.7506
NCR50,2844.4956
FDP01,1579.9366
FDH57,1702.4849
FDM60,888.7784
FDA45,4213.1265
FDU55,4953.517
FDH40,1314.1803
FDG40,-6.8812685
FDT12,4330.4307
DRL59,910.1519
FDT47,1617.2694
FDI60,1102.862
DRF51,1049.6476
NCK31,740.65314
FDB08,1916.8398
FDM44,1637.1051
FDD46,1962.0192
FDR27,215.3947
FDV56,-141.32103
FDM02,1140.7887
FDU45,1766.4646
FDZ10,2241.2395
NCK31,103.39986
FDR27,2216.3525
FDF33,1918.325
FDJ36,1646.3983
FDP33,4764.445
FDG17,3874.6787
FDG47,2703.0007
NCW29,1975.1095
DRH59,1067.9697
FDR32,3399.9338
FDP48,3996.79
FDG17,3750.452
DRJ59,563.68054
FDY48,2714.8896
FDB02,2753.7131
FDN10,420.3039
NCD55,749.81476
FDX34,2534.2615
FDZ38,4962.7256
DRF37,4093.8347
DRL47,280.40802
FDL27,1465.9731
NCP53,4640.82
FDT03,583.265
FDJ28,3443.431
FDF40,2675.5486
FDA32,4008.4106
NCP02,758.81854
FDZ31,2502.9521
NCQ29,3748.707
FDP57,312.16785
FDL32,3367.2131
DRB01,3199.7134
FDJ40,1924.2091
FDO24,2628.6716
FDO11,3590.8594
FDA56,2385.3384
FDF02,1312.8413
FDA10,1733.7223
NCI55,2451.7808
FDZ40,95.48399
FDV08,573.12103
FDN48,1492.1138
FDU57,2657.1838
DRF49,1649.2964
FDS02,3267.081
FDS43,2723.164
FDT16,4624.3535
FDX19,4750.075
FDK15,1530.5885
DRA12,2261.829
FDY35,728.5007
NCU42,3362.322
FDD26,3253.6553
FDR11,2273.7893
NCP53,3652.2568
FDP34,2755.652
NCV41,181.48196
FDN20,2713.1692
FDZ16,2901.7332
FDZ28,2182.1802
NCL55,4416.7603
NCJ17,1659.8799
FDT37,4220.489
FDV51,2552.7542
FDZ28,2170.1196
FDN27,1343.8124
FDS14,935.81024
FDZ58,1902.58
FDD46,2231.9207
FDJ03,830.85626
FDU03,470.80566
FDA33,2985.033
NCW53,3137.1855
NCC55,480.90985
FDP52,701.2639
FDE39,2267.0283
FDB44,3199.2056
FDG59,352.45706
FDI05,1317.4614
FDF59,1427.8585
FDM39,70.97882
FDB14,1385.723
NCS05,313.83957
DRJ35,1509.5426
FDO31,174.9269
FDA31,2480.0444
FDX40,548.1492
FDW56,4521.769
FDH09,546.1729
FDA52,589.259
FDF20,-61.811672
FDE40,715.33936
NCU17,2056.6357
NCP14,1801.6339
FDN25,1381.0625
FDU39,1124.7698
NCM05,4371.282
FDU07,2958.3916
FDF28,1891.2411
FDR57,2005.8661
FDJ33,2044.2175
DRH23,801.3231
FDQ52,4332.0
DRK13,3168.7402
FDP09,4816.739
FDR08,2457.8562
FDV50,1352.5903
FDT13,3663.5408
FDJ27,2872.4534
FDH21,3651.7869
FDW14,2217.7551
FDL52,583.6328
FDW28,2555.5508
FDL40,1591.1207
FDE24,2033.9934
FDX35,3361.7886
FDP46,1305.8938
FDX56,4106.0522
FDQ45,2722.033
FDK50,3755.7742
FDY26,4095.956
FDQ09,1491.1797
FDN39,2268.5068
FDP13,830.6055
FDR51,2502.4456
FDZ49,234.12712
FDL28,2678.156
FDZ10,2206.326
FDK38,2145.179
DRL49,2551.8323
FDR15,2408.0217
FDQ24,5271.007
FDD56,3027.9294
NCR42,400.9629
FDH52,1057.9395
FDH57,249.3137
FDR15,417.75467
FDJ34,2054.2236
FDW37,1647.9802
FDQ23,1512.3868
FDP34,3128.0803
FDE04,4725.9634
FDC48,1347.3091
FDA47,-5.6994777
FDI35,3256.0144
NCV05,1838.4097
FDR28,2635.5386
FDH31,1838.3165
FDP59,153.29893
FDS19,1094.8035
FDM60,641.4807
FDJ44,2810.2964
DRH51,1584.4829
DRC25,1420.5646
DRE25,1690.0085
NCX05,1792.0876
FDR11,2554.1895
DRP47,4626.0186
DRC49,-5.090045
FDQ47,1131.2081
FDL20,1800.8333
FDM34,2131.4492
NCN55,4551.16
FDD41,1873.934
FDE52,1320.0195
NCT18,491.01288
FDJ32,487.96063
FDE16,4778.3413
FDZ09,2623.3367
DRZ11,1825.1635
FDK41,1175.6151
FDE56,998.52747
FDH34,2865.1604
DRI49,1852.4972
DRI59,3544.388
DRC36,2894.679
FDS15,509.2395
FDI07,2961.68
FDZ15,1485.3293
NCX41,5232.998
NCO29,365.6
FDF57,2496.6145
FDI33,1963.595
DRJ47,3125.0298
FDB34,1329.4569
FDY22,3283.1238
DRL11,2584.9343
FDY46,3266.5073
FDG17,4122.8433
FDE52,1179.8943
DRP47,5085.761
FDO01,79.67389
FDL09,2385.942
FDR57,2526.8557
DRD37,772.1426
FDQ36,1000.5186
FDL33,3172.077
FDL48,592.1068
FDL28,4194.237
NCN29,856.77466
FDO13,3222.2307
FDB38,2759.8193
FDI36,2517.2046
FDI58,1765.1246
FDH22,1987.4375
FDQ27,2138.5315
FDT33,2686.2188
FDC56,1437.9192
FDF14,3073.7234
FDQ39,4329.182
NCM43,2555.972
FDS46,2398.835
FDI22,3675.4736
NCE43,2332.329
FDZ36,472.9311
FDR13,387.1115
FDP46,1168.2415
FDW56,459.79886
FDB40,2499.1904
FDM28,2576.9312
FDV49,5661.921
NCS53,2115.884
FDO03,4689.6685
FDT15,3344.875
FDD33,3607.5637
FDX13,4786.8765
FDH60,2874.6545
DRH51,1039.9272
NCL07,758.5305
FDW51,2475.931
FDF21,621.03436
FDH26,153.9006
FDJ03,803.733
FDU35,1954.2955
DRL01,3433.34
FDE59,581.081
FDI60,814.4961
DRH39,1684.7966
FDK36,915.82776
FDN52,1322.4731
FDU12,2679.8022
NCT05,4141.4873
FDS37,2140.8047
FDK24,969.2252
DRF36,3433.8518
FDN46,241.19041
NCN06,2465.4448
FDD59,1386.836
FDM14,1499.1279
FDO10,870.52783
FDU35,1773.5873
NCA30,3019.8865
NCO41,1556.8494
FDI24,3388.8823
FDZ16,3875.5144
FDV47,1463.5717
FDV16,321.2872
FDZ22,1529.2412
FDO20,-451.11404
FDW38,428.36984
FDW52,2940.513
FDT43,56.467884
NCS29,3443.4275
NCC31,2179.5095
FDA21,3621.4487
FDQ55,2280.0828
NCE54,1651.6013
FDD45,1669.6505
NCP17,934.5974
FDR47,3607.2588
DRM35,3179.407
FDR47,662.0199
FDX19,-220.64209
FDV22,3828.281
FDQ46,3107.3455
DRO47,1667.0062
FDB44,926.816
FDN02,133.15413
FDW10,2975.584
FDJ41,1895.1569
FDM50,793.8546
FDW10,4063.8257
FDY48,1982.809
NCE30,5827.721
FDO04,852.4678
FDQ26,166.28491
NCX29,2339.8665
FDE39,2049.4495
NCR54,4861.254
NCP55,1243.1765
FDX22,4138.9253
FDI05,1291.9598
FDC51,3065.4604
FDC10,1769.371
FDJ46,2606.6746
FDV10,295.691
FDX12,5330.982
FDL43,261.0782
DRB13,2839.9856
FDF59,2226.1086
FDT35,2237.4585
NCJ19,524.5071
FDT35,2197.0957
FDI48,738.67664
DRC24,100.08972
NCZ05,1227.8502
FDJ57,4193.984
FDX11,3484.6638
FDE09,1835.4387
NCK06,1355.5046
DRE37,2915.048
FDV56,803.7685
FDY43,2303.276
FDV35,2777.0298
FDF05,1012.3093
FDA36,2223.9426
FDS13,4254.7285
FDU47,2679.0095
FDI36,548.73645
FDH48,1624.5446
FDZ14,1903.3633
FDS46,2295.2253
FDE21,1772.8124
FDA26,4515.515
FDV12,1951.3197
FDL46,271.69165
FDN57,2372.1091
NCJ18,1984.7285
FDO36,3179.3901
FDX55,3519.1062
FDT25,204.42673
FDD16,1916.5873
NCX18,2688.0159
NCG55,2061.079
NCV18,1422.942
NCS18,1832.2072
FDC37,1755.0547
FDE47,2054.0598
DRG49,806.12695
FDC39,3787.6482
FDH24,216.31273
FDV39,2703.6648
NCL17,2225.8076
NCY53,1545.6373
FDH52,988.5236
NCD19,707.69617
FDI44,1130.8271
DRD49,5943.168
FDN08,1994.3342
FDO20,5752.067
FDY02,3506.275
FDX23,1285.2784
FDX01,2060.5544
FDH20,2511.187
NCX41,4195.7573
FDD21,3066.0217
DRH11,113.71817
DRE60,3557.2092
FDB10,1996.6101
FDH38,2485.7502
NCL07,205.25525
FDD48,2177.911
NCT54,2723.885
FDF32,4868.331
DRH51,1780.0011
DRG03,2396.0994
NCY42,525.34033
FDH32,1386.3474
NCJ06,2695.9019
FDH47,2698.9998
FDZ08,1462.3922
FDK16,2052.8606
DRG01,1073.268
NCM53,2516.6938
NCB07,3142.0354
NCZ06,3788.6714
FDU48,2282.1807
NCB55,1788.0813
FDP15,3948.874
FDF17,2783.862
NCN06,3391.2944
DRM48,233.81302
FDH10,1635.4559
FDC60,1263.4469
FDE35,521.19836
DRI23,2321.6714
NCR38,3690.193
FDP04,980.21027
NCW17,2282.6548
FDX34,1949.1555
NCK53,1768.0912
NCO54,-50.7865
NCH55,2120.8386
FDT44,3051.0735
DRG49,4061.502
FDX46,265.3645
DRG36,3070.0874
FDU37,1570.101
FDK10,1286.2019
DRF37,4841.0303
FDC44,2080.4766
FDP15,3760.7056
FDZ27,1467.3652
FDY22,213.73285
DRG51,3331.237
FDN58,2206.7478
FDW01,2579.563
FDX24,1344.4122
FDO51,674.28265
FDJ52,3988.846
NCY06,673.6253
FDE20,2402.761
FDT23,266.34116
FDQ51,695.9723
FDE35,1061.1809
FDB46,3197.1675
NCG19,3894.3958
NCL06,2853.8086
FDT36,-294.29187
FDC56,2151.5103
FDJ26,2745.415
FDZ59,2432.8108
FDV11,4257.776
FDR13,174.3149
FDI15,4758.868
FDF47,2859.3508
NCB54,449.46112
NCK19,4178.5835
FDX16,2574.1794
FDL50,1885.8757
NCE31,775.8538
DRJ01,1893.8524
FDE22,2647.0117
FDY20,159.35822
NCO14,486.92896
NCR50,2551.172
DRM47,2870.4194
FDO27,280.3356
FDJ20,2849.417
NCX17,4702.798
FDG59,567.3362
FDD52,1127.2977
FDO48,3264.721
FDC59,226.38553
FDS15,1684.04
FDB47,3437.97
FDV14,105.697105
FDB27,3168.641
FDA35,1960.9403
FDN51,3657.277
FDO39,807.9101
FDB28,3287.7058
DRJ25,841.51447
FDH46,2875.1704
FDI10,3241.7202
FDU21,-57.853676
FDD09,2872.2017
FDD10,1786.8018
FDN31,116.46269
FDA46,3060.3274
FDM56,1547.3497
FDF11,-147.04291
FDS32,1412.8855
NCM06,2433.422
FDZ26,3947.41
FDO01,2130.1465
FDJ46,2781.061
FDG26,222.46169
FDZ38,4118.673
NCO55,1980.7323
FDT60,1956.3591
FDW37,1358.7825
NCK42,2789.2522
FDA45,1629.3347
FDW55,3654.743
FDY44,3450.0962
FDQ31,1418.3784
FDM09,2856.9973
FDH12,1448.9556
NCQ43,1335.6267
FDT33,3268.302
NCT41,2201.3584
DRJ25,158.11066
NCQ41,4545.6455
NCN17,1545.7513
DRO35,2547.3599
FDU27,579.76984
FDY43,3873.082
FDG46,2721.8992
DRL49,1119.1118
NCB55,899.8497
FDK28,3809.2268
FDO49,643.4066
FDT03,1810.8287
FDW33,3818.5244
FDR02,1793.8297
FDF50,3239.135
FDA40,1264.9481
NCT53,1915.4512
FDY60,2592.5405
FDP44,2727.657
NCQ50,4028.1006
NCC30,2939.9094
FDQ60,1960.2395
FDG41,1584.6549
FDQ03,3095.7754
FDM03,1412.3154
FDZ51,1665.531
DRF51,617.2074
FDF39,4021.7314
FDW52,2958.3113
FDY22,2701.3608
FDG14,2944.5452
FDA57,558.3018
FDL45,-56.455837
FDX28,1272.4071
NCQ54,3715.017
FDH40,1246.0591
FDU52,2594.9353
FDT60,316.76004
FDK08,1030.6284
FDN04,2345.6274
FDE50,4114.5996
FDI16,747.9705
FDM50,1059.6049
NCV30,995.3168
FDT44,2125.4827
FDY60,2588.0593
FDT56,935.6245
FDV58,2514.8982
FDU04,1829.1969
NCN05,4203.359
FDI53,2114.7861
FDD34,2436.3535
FDW47,2873.9685
FDT51,2694.5637
FDO27,2003.1182
NCQ18,1368.5427
NCW05,2070.0452
FDI15,1894.2549
NCH43,-561.38214
FDT40,1621.8113
NCG19,2684.3674
NCM30,921.0785
FDB38,2907.682
FDB22,2530.908
FDC58,553.7416
NCI29,1467.6661
FDA23,302.116
DRG48,2450.448
FDV21,2337.8293
NCG18,252.73114
FDG40,766.82874
FDU24,1733.6581
FDA22,3272.9949
FDY35,977.5153
FDJ15,3577.6787
NCW18,2257.5059
FDK56,3738.845
FDF44,3136.9153
FDP51,2473.74
FDU22,3280.5623
FDM28,2766.5288
NCL42,5185.4146
FDJ15,920.38983
FDI32,1662.7472
DRL11,2770.08
DRO59,939.56335
FDA07,315.25043
NCO53,3299.3962
FDO21,2345.4004
FDW39,2476.744
NCV17,2659.8367
FDE22,2680.9592
NCB06,2301.9128
DRF48,2276.8845
FDB05,3991.3096
FDP28,4121.5425
FDP23,4099.07
NCS41,2515.4922
FDS40,428.556
FDA16,3837.877
FDN20,2988.3323
FDF04,4857.4526
DRG36,2686.5574
FDW16,1422.0444
FDU09,1116.4282
FDW01,2416.7615
FDB15,5344.074
NCJ17,1179.5682
NCT18,3306.1172
FDG16,3467.8938
FDP27,3704.8762
FDQ44,3847.8848
FDL50,2730.6006
FDW57,3872.926
FDS34,1747.6879
NCV30,1392.6338
FDD26,2796.1147
FDA03,2639.2004
FDS27,2523.1047
FDM12,2679.654
NCV42,2625.6738
NCS41,2309.2268
FDN56,1698.6029
DRK59,3883.459
NCG18,2146.7107
NCN26,1740.8593
FDI60,1640.8694
NCI43,938.4105
NCL17,2289.6748
FDQ19,198.88531
FDY43,3119.6096
FDR36,843.4976
FDJ58,2990.2295
DRY23,587.33673
FDK26,4447.4585
DRH03,1077.86
FDC10,56.232777
FDD23,3283.076
FDP32,1542.5872
FDO31,1410.218
FDQ57,2175.784
FDX32,3529.182
FDC39,5581.07
FDU55,4139.593
FDL45,2801.4775
DRK37,4389.364
FDK22,2225.2312
DRG37,3745.4565
FDK22,3234.453
DRH36,923.20685
DRC36,2484.2852
DRE03,379.79095
FDF34,1995.944
FDZ22,1370.3092
FDC44,332.91528
FDN31,4432.4463
FDO03,4537.005
FDA01,907.5476
NCH42,5828.188
FDF46,1379.2286
DRL35,917.7761
FDW46,1039.0659
FDB58,2544.6184
FDD47,2781.0916
NCO17,1710.5403
FDJ26,4276.679
FDU37,1704.9557
