,Sales_Predictions
0,1622.2087
1,1269.6699
2,539.97736
3,2470.8635
4,4030.0483
5,1842.4043
6,639.24817
7,2033.6201
8,1483.6731
9,2861.948
10,1872.36
11,1379.1202
12,631.8066
13,2092.0251
14,750.7485
15,2345.4048
16,3184.7974
17,2633.7122
18,2395.8542
19,503.0567
20,2644.233
21,3586.6128
22,762.4301
23,331.93988
24,3061.1921
25,474.27945
26,818.88873
27,2448.1296
28,3263.3557
29,2052.7407
30,107.263504
31,2757.9375
32,378.56903
33,3689.5457
34,2443.3325
35,3387.6736
36,2188.073
37,226.168
38,2995.951
39,2394.1104
40,1771.6312
41,308.08423
42,2700.1885
43,2174.0762
44,443.2792
45,1777.8905
46,187.80815
47,3084.4316
48,3442.4521
49,2160.3408
50,924.1296
51,1819.5028
52,2990.003
53,1901.9236
54,4092.5366
55,3060.0427
56,3004.8289
57,571.10803
58,532.1405
59,1283.2129
60,2480.446
61,3277.5312
62,2954.8018
63,1478.549
64,2332.8638
65,2259.6582
66,2302.5754
67,3199.3281
68,3056.4658
69,3226.0415
70,3102.0466
71,2307.0596
72,1828.4923
73,3480.4011
74,3378.852
75,2728.1719
76,341.24612
77,2439.9324
78,649.43317
79,2201.7412
80,2521.6626
81,1472.4081
82,1998.7083
83,2992.1619
84,2627.1423
85,1723.4816
86,2934.5498
87,3007.2998
88,782.44336
89,602.54803
90,2364.379
91,3967.2415
92,2373.0767
93,1454.9825
94,2009.1649
95,743.94354
96,2105.7458
97,1948.6785
98,2790.098
99,1135.7358
100,2150.3489
101,1579.0665
102,2778.4722
103,2111.8386
104,433.53595
105,4128.087
106,573.90875
107,815.5533
108,1328.4928
109,3034.226
110,362.0526
111,2897.5107
112,203.56667
113,4102.7847
114,1539.3575
115,2424.8442
116,800.40155
117,1453.9923
118,1510.6265
119,1957.4886
120,4010.7334
121,619.0463
122,1618.5238
123,1796.7743
124,2878.8577
125,4081.4495
126,1970.1196
127,489.8625
128,1450.3425
129,1658.634
130,2805.3547
131,1999.3827
132,1778.9847
133,213.57129
134,1273.4641
135,285.71143
136,457.36282
137,1211.5131
138,294.05466
139,2354.4202
140,597.32776
141,639.20404
142,1535.3711
143,2184.801
144,1334.4062
145,2014.0536
146,2492.1367
147,4070.073
148,1672.0773
149,1054.2767
150,1865.7716
151,3367.083
152,429.10358
153,3746.3677
154,2359.3447
155,2045.5554
156,653.55023
157,973.36426
158,1290.3091
159,793.3695
160,2394.0854
161,3065.3005
162,3204.901
163,2791.4055
164,1014.10046
165,245.18013
166,2266.5476
167,2739.2156
168,2426.7598
169,514.65515
170,2877.3074
171,2494.3193
172,178.28474
173,110.55323
174,2313.258
175,2936.5334
176,3243.133
177,4084.4224
178,1032.6816
179,4154.1284
180,1705.923
181,2792.7966
182,3661.6055
183,835.00446
184,304.25778
185,1781.5691
186,2849.905
187,3478.371
188,3431.6157
189,2853.478
190,1669.9368
191,3429.8406
192,2347.3247
193,493.97708
194,810.60645
195,3243.285
196,634.7208
197,2986.2305
198,2700.4055
199,168.89465
200,2404.1677
201,2005.1946
202,3003.9968
203,2486.0376
204,1792.3948
205,1912.2916
206,3751.5464
207,1618.6411
208,3044.1157
209,2074.8882
210,2694.3867
211,101.95452
212,2868.0735
213,1442.503
214,3703.123
215,2099.525
216,242.8165
217,4163.064
218,2437.549
219,3219.085
220,430.80795
221,2094.884
222,2635.0012
223,2768.311
224,1989.3966
225,1287.287
226,3272.2642
227,2473.8386
228,602.3045
229,1556.4519
230,3653.7039
231,391.72742
232,1541.9249
233,1738.2871
234,1030.8876
235,1744.8286
236,2086.679
237,1973.7092
238,610.2889
239,2714.3257
240,112.9037
241,3237.057
242,239.72035
243,1706.5939
244,285.14902
245,2007.1351
246,699.0652
247,631.99036
248,183.8109
249,3754.8982
250,3443.7158
251,402.7788
252,274.72983
253,1668.5491
254,3451.7642
255,1513.5597
256,3527.934
257,3492.755
258,1068.3956
259,694.1761
260,3059.8154
261,2241.759
262,2386.467
263,3353.7766
264,3026.5498
265,2572.9138
266,2696.501
267,2989.947
268,1744.345
269,3520.7986
270,3216.2944
271,1947.9691
272,3543.7427
273,2451.8757
274,848.079
275,1153.0449
276,2463.792
277,966.37427
278,1851.5804
279,1873.2976
280,2518.1157
281,2598.6914
282,2352.6086
283,2432.6406
284,4156.5986
285,3762.0103
286,311.40756
287,1308.1105
288,750.119
289,850.055
290,641.1442
291,1816.8119
292,1638.1123
293,2232.1362
294,3575.677
295,2980.7214
296,2079.9783
297,2666.103
298,385.59027
299,471.78024
300,440.2255
301,2931.0034
302,3412.3096
303,1558.7603
304,1363.5914
305,2509.9348
306,3838.5024
307,1619.1558
308,3008.409
309,4033.4182
310,1333.3911
311,3285.9875
312,1927.2036
313,2188.0576
314,1784.4142
315,1212.0917
316,3505.2173
317,2868.69
318,3359.9734
319,1852.334
320,1408.8756
321,1612.9889
322,2727.1465
323,2622.3503
324,3022.7568
325,3304.2769
326,232.13608
327,2037.316
328,839.5414
329,509.6771
330,408.70682
331,3247.143
332,3937.283
333,163.37556
334,1627.511
335,1948.4294
336,991.18634
337,1516.9956
338,3244.1094
339,2958.2573
340,2682.0327
341,620.16064
342,2868.584
343,3252.8152
344,1661.9089
345,2298.8396
346,2216.2808
347,4109.1084
348,2454.0833
349,1537.8861
350,2722.98
351,737.42816
352,286.0841
353,622.43243
354,3274.5967
355,2741.4077
356,2863.2659
357,914.1146
358,2866.579
359,2765.1982
360,734.7227
361,1922.2145
362,1388.4841
363,782.4793
364,507.8319
365,1977.7059
366,1561.2634
367,1595.7069
368,2614.5215
369,2504.5813
370,3605.1255
371,514.5607
372,309.44778
373,3188.0007
374,3504.8137
375,1581.6216
376,3866.0898
377,538.73254
378,2506.5923
379,3027.8435
380,1761.0708
381,3077.892
382,1385.8118
383,105.619545
384,1710.267
385,326.38852
386,405.776
387,2545.946
388,2139.176
389,1426.4707
390,2910.3228
391,3776.1643
392,2125.4937
393,344.6556
394,2098.4248
395,2357.2893
396,1320.043
397,1825.3984
398,3007.1226
399,1752.2595
400,2119.3875
401,830.98395
402,2481.8684
403,273.67355
404,2513.0212
405,3069.2175
406,813.5779
407,2819.069
408,1277.9097
409,313.7951
410,3044.9495
411,2577.517
412,835.06647
413,2859.4473
414,1820.1481
415,297.30347
416,3292.9707
417,672.02954
418,416.75635
419,4082.614
420,1664.3152
421,1031.0881
422,987.4495
423,2042.9532
424,2213.944
425,3235.144
426,3638.324
427,1108.1663
428,3159.6443
429,815.5267
430,1310.3308
431,2447.8228
432,366.24603
433,1943.2423
434,2853.718
435,4094.4963
436,170.82309
437,1470.1755
438,2882.8926
439,2592.8203
440,1813.8445
441,2461.119
442,706.68414
443,1406.7034
444,2699.905
445,1907.9453
446,2754.0374
447,3491.4722
448,4063.5771
449,2187.1814
450,420.0091
451,242.71748
452,2916.7698
453,1941.0233
454,2755.7317
455,1517.485
456,1440.8383
457,1379.879
458,3483.536
459,1584.7719
460,2512.0254
461,1973.4578
462,958.52045
463,2187.476
464,4090.233
465,386.99445
466,1330.0255
467,617.50446
468,3457.4602
469,1629.4885
470,3652.9546
471,1364.4131
472,2603.9097
473,107.85616
474,99.77091
475,799.91
476,2896.5173
477,3010.6748
478,231.50624
479,541.5485
480,3146.7651
481,1371.3259
482,2521.0996
483,3529.6243
484,3476.698
485,1986.308
486,3516.621
487,2581.7502
488,3395.585
489,1357.5691
490,2374.1155
491,3501.4265
492,2826.2278
493,1372.6971
494,455.8705
495,3799.258
496,1863.7571
497,3664.0493
498,3034.2327
499,2426.6765
500,2028.0276
501,374.40945
502,1289.803
503,3314.82
504,739.20966
505,3009.4893
506,256.49857
507,1843.9716
508,2747.8325
509,3038.9092
510,3217.6768
511,3757.8826
512,211.38596
513,1673.565
514,2672.7947
515,2607.4841
516,264.19034
517,3445.3032
518,2384.643
519,691.8519
520,1777.3916
521,616.0056
522,665.1252
523,2033.2057
524,4072.8342
525,4093.4983
526,2912.9685
527,1921.7455
528,508.05103
529,3004.1165
530,1231.4272
531,2953.8103
532,1497.4591
533,1802.8802
534,479.15732
535,2964.6719
536,1922.9408
537,3348.7856
538,2049.8435
539,3490.9617
540,2556.0735
541,422.1621
542,1324.7699
543,226.23062
544,3652.1199
545,4163.064
546,2338.9302
547,403.08423
548,3509.1482
549,3475.6174
550,980.6916
551,1674.8201
552,447.64145
553,3191.295
554,2351.3257
555,1335.8132
556,2457.307
557,431.70276
558,2763.131
559,2815.8494
560,2504.743
561,830.46515
562,2864.3762
563,2520.4888
564,3043.0984
565,3451.2236
566,3539.4778
567,2402.3376
568,1563.9938
569,2987.924
570,1220.22
571,2604.9954
572,1423.2821
573,1553.9291
574,2285.769
575,240.92065
576,193.97794
577,949.86975
578,564.328
579,1985.4829
580,3004.6565
581,294.77792
582,3344.2964
583,2670.1838
584,1417.9288
585,2716.1262
586,3585.5916
587,690.4846
588,2812.6384
589,2527.6768
590,3731.9194
591,1276.9868
592,2504.982
593,3558.7822
594,2866.2349
595,638.88605
596,2118.5215
597,2203.5144
598,2755.2964
599,2103.222
600,3264.6157
601,2777.4907
602,2336.715
603,1844.2969
604,2135.0945
605,4116.8667
606,2195.9841
607,1339.3134
608,776.9306
609,428.84177
610,559.6521
611,1946.2452
612,2780.8435
613,3293.112
614,2460.483
615,395.3842
616,1568.1178
617,813.30304
618,1050.3938
619,276.24057
620,378.1183
621,225.4084
622,1954.8309
623,2448.711
624,2583.3328
625,2095.3477
626,449.5049
627,2787.6328
628,1434.8496
629,883.8981
630,1910.456
631,1879.9606
632,1322.567
633,1075.3274
634,1405.3687
635,215.95628
636,1972.8483
637,593.843
638,1306.1765
639,2772.9702
640,767.5523
641,2289.139
642,4034.434
643,3053.1829
644,2072.191
645,2319.4148
646,2092.1296
647,2579.6746
648,984.94604
649,442.93912
650,1951.5367
651,3862.8484
652,1582.6116
653,2836.7468
654,2948.883
655,3503.0996
656,710.2053
657,270.9151
658,3976.4822
659,3982.7341
660,2940.4226
661,2979.8655
662,3533.0762
663,3336.5981
664,690.40344
665,1732.9017
666,2923.6714
667,1632.342
668,2422.3726
669,3417.4915
670,622.4479
671,2876.8154
672,3634.152
673,1694.7645
674,97.0099
675,1573.8307
676,1929.8569
677,449.83292
678,2021.6583
679,2688.084
680,1651.85
681,4278.984
682,2039.0725
683,534.0801
684,2443.5432
685,2819.313
686,2219.957
687,3013.5718
688,3176.3413
689,118.575584
690,4112.995
691,1148.9537
692,2086.502
693,2239.9434
694,355.79803
695,1686.3062
696,3498.6646
697,667.1393
698,3169.9219
699,2422.769
700,3109.35
701,2003.2412
702,1611.1345
703,537.6194
704,1279.4629
705,2808.2056
706,634.9725
707,3414.3044
708,3185.592
709,2972.9387
710,3167.2134
711,2814.062
712,3126.0916
713,815.26215
714,1576.5653
715,2533.7825
716,2446.5032
717,258.86972
718,2902.9373
719,682.50684
720,1470.577
721,601.58203
722,244.19693
723,2476.6602
724,3250.133
725,2829.3496
726,937.65546
727,1607.5653
728,4076.8906
729,2787.874
730,1613.8276
731,1670.4243
732,3039.9128
733,324.64954
734,2377.521
735,2074.9702
736,2960.2249
737,781.9243
738,3507.2976
739,2301.0984
740,2148.5017
741,2052.887
742,2827.9744
743,2273.8137
744,3438.25
745,2068.5886
746,3636.133
747,3301.0994
748,3504.172
749,832.68933
750,3775.829
751,2907.375
752,2499.3628
753,804.07776
754,2098.2832
755,2865.085
756,2165.4973
757,1981.3544
758,2138.3616
759,1098.794
760,3426.371
761,2081.415
762,2969.312
763,1281.0886
764,2740.0137
765,1944.5425
766,4073.9568
767,2079.0906
768,1708.4635
769,2454.878
770,1141.6685
771,2889.763
772,2700.0586
773,131.99416
774,454.2788
775,2710.5422
776,2829.7224
777,2683.7131
778,2335.511
779,3733.197
780,1085.3728
781,1946.7275
782,1096.5282
783,666.27234
784,2752.5144
785,382.3615
786,1454.4426
787,2911.7964
788,672.34393
789,1803.8743
790,2685.2153
791,2898.6895
792,604.0668
793,3671.482
794,1951.9779
795,1273.0527
796,3388.6409
797,728.14453
798,2681.9656
799,554.46906
800,1539.5813
801,2883.7976
802,2805.2744
803,324.77042
804,1357.2351
805,2950.5332
806,2659.3813
807,2877.7266
808,3038.2056
809,2301.3735
810,2041.499
811,3048.9143
812,1562.091
813,1331.0599
814,2342.3071
815,2883.302
816,2665.1392
817,3528.5503
818,2367.6387
819,2993.6387
820,114.40584
821,3749.8848
822,331.25827
823,1643.5798
824,520.79236
825,1401.0684
826,2508.187
827,3018.8762
828,672.76227
829,689.61505
830,1334.6508
831,130.59451
832,3393.2336
833,1784.433
834,2077.6228
835,2424.819
836,2583.9465
837,2714.8816
838,2387.7036
839,630.1316
840,3907.7505
841,504.82013
842,429.83414
843,855.2239
844,2567.1282
845,469.3574
846,1774.9814
847,782.1182
848,1784.4423
849,2715.4402
850,3349.0845
851,3711.9836
852,4150.538
853,2721.7825
854,628.94354
855,3432.947
856,1694.8862
857,2650.2166
858,379.77255
859,3264.5032
860,1875.2516
861,4135.1855
862,1882.9642
863,1218.2894
864,1574.8478
865,396.34753
866,4158.6045
867,2640.2625
868,2235.5923
869,3759.5884
870,1967.623
871,374.52698
872,990.9266
873,2682.125
874,2297.064
875,102.0229
876,1215.4872
877,1323.4662
878,688.8454
879,770.32965
880,1539.3575
881,4076.8906
882,2603.079
883,1373.9949
884,3930.808
885,2767.923
886,2369.651
887,488.41318
888,288.49994
889,2591.1829
890,949.93066
891,1557.6481
892,1329.5217
893,2949.3147
894,1300.5452
895,3262.7532
896,3250.0012
897,1822.0109
898,1160.9248
899,1581.2543
900,455.4837
901,1806.0621
902,2518.2937
903,321.8316
904,2984.7988
905,2550.3262
906,2053.476
907,1393.1841
908,3068.3694
909,629.26404
910,2865.515
911,150.35303
912,2580.1206
913,1950.3939
914,2314.6926
915,3011.7585
916,614.58795
917,1974.505
918,4224.791
919,1556.9935
920,2454.6848
921,1635.7567
922,2695.5273
923,2191.1646
924,640.1508
925,1677.8762
926,2068.5525
927,3514.1614
928,2087.6475
929,1741.8867
930,169.77715
931,4113.307
932,2735.506
933,2502.0369
934,4015.2634
935,1809.5828
936,294.531
937,2411.967
938,300.95648
939,3736.1091
940,4066.55
941,1886.6936
942,2339.633
943,445.675
944,1298.1188
945,226.51843
946,723.3908
947,774.63086
948,2260.076
949,786.9671
950,3267.3699
951,3873.2014
952,1230.9772
953,1644.001
954,1077.5563
955,1381.1915
956,1320.7953
957,2272.6543
958,837.36084
959,2508.9307
960,2138.0728
961,4063.4395
962,2805.0823
963,554.23883
964,1742.2533
965,1980.6816
966,1991.6924
967,3267.442
968,2591.8416
969,289.35995
970,4077.136
971,2108.7646
972,4076.8906
973,2675.9326
974,616.7223
975,2938.274
976,818.2062
977,1994.653
978,3113.8242
979,1676.6317
980,2429.4429
981,1128.7383
982,2591.1729
983,3771.895
984,2844.1604
985,1343.3153
986,2969.125
987,795.07367
988,1213.4059
989,3016.7588
990,1579.0472
991,1633.8079
992,2914.0054
993,3283.8442
994,3913.6255
995,3404.337
996,2313.6072
997,1666.4385
998,2164.9944
999,1311.2775
1000,2742.23
1001,2697.0398
1002,3412.902
1003,3583.129
1004,1647.6143
1005,2765.92
1006,2969.5889
1007,1807.981
1008,2786.7078
1009,3536.1462
1010,2044.2642
1011,428.46326
1012,2343.2007
1013,1067.4988
1014,1011.24744
1015,1798.3937
1016,1281.8595
1017,3002.8513
1018,3034.661
1019,2700.6704
1020,4117.383
1021,2002.6969
1022,3229.12
1023,321.08865
1024,592.3041
1025,782.80023
1026,3339.6619
1027,2960.82
1028,2358.064
1029,3341.0786
1030,1045.5925
1031,1981.8049
1032,2831.696
1033,1326.3821
1034,1445.0156
1035,3299.257
1036,3680.3142
1037,1615.6954
1038,3453.5679
1039,1888.3427
1040,2604.9316
1041,2795.4976
1042,713.7783
1043,3925.9363
1044,2468.405
1045,2095.4321
1046,336.19455
1047,890.1319
1048,2406.7368
1049,2767.3882
1050,874.91016
1051,2168.4238
1052,422.78397
1053,3123.789
1054,1314.0101
1055,2254.467
1056,2578.1262
1057,2212.9531
1058,2729.616
1059,1931.9395
1060,1820.8381
1061,2424.8945
1062,2871.68
1063,654.8485
1064,99.08725
1065,4166.7466
1066,609.84607
1067,3365.6458
1068,3650.423
1069,195.95392
1070,528.5061
1071,2031.3871
1072,1027.1638
1073,1326.973
1074,3346.0342
1075,3333.3542
1076,675.5614
1077,2110.8914
1078,1311.7659
1079,1163.6973
1080,1609.3033
1081,1298.9031
1082,327.86798
1083,3349.883
1084,1248.1547
1085,2043.43
1086,1361.8462
1087,1217.5328
1088,2524.0332
1089,1243.145
1090,3090.2122
1091,1850.3424
1092,3925.1836
1093,3152.5776
1094,977.0122
1095,2383.5544
1096,747.88763
1097,1226.1982
1098,3631.9048
1099,1540.1495
1100,2520.4902
1101,1472.3091
1102,1566.8845
1103,681.2826
1104,782.47986
1105,1599.0315
1106,803.358
1107,2900.7996
1108,169.61435
1109,2686.3083
1110,1799.1221
1111,2520.1104
1112,661.2758
1113,2913.2693
1114,2019.69
1115,3429.24
1116,2804.8538
1117,1858.5205
1118,3246.6057
1119,3447.0525
1120,3954.7139
1121,3058.018
1122,3277.6821
1123,2990.7546
1124,3020.4197
1125,2385.6948
1126,319.4996
1127,711.3464
1128,1426.527
1129,2131.41
1130,3194.6638
1131,1224.7067
1132,1477.3461
1133,2975.0457
1134,276.24088
1135,1971.5948
1136,2235.5054
1137,4094.763
1138,1205.5977
1139,3164.4353
1140,1651.3959
1141,1791.8159
1142,756.6261
1143,2149.5051
1144,1966.1268
1145,395.5883
1146,2273.9778
1147,372.27188
1148,1663.7605
1149,447.9609
1150,3314.92
1151,690.8831
1152,3267.8345
1153,610.049
1154,2649.6917
1155,2480.019
1156,3327.5742
1157,2645.4324
1158,1285.83
1159,2188.4592
1160,873.06714
1161,3079.1772
1162,3270.563
1163,1912.6093
1164,435.65775
1165,2177.2068
1166,3597.8052
1167,1555.3171
1168,2069.6858
1169,2093.151
1170,2130.3887
1171,3523.1946
1172,2372.5222
1173,1838.2942
1174,1436.2991
1175,2417.2715
1176,835.00446
1177,621.6714
1178,3355.81
1179,2642.1729
1180,1808.201
1181,1976.8414
1182,2435.7847
1183,2672.6282
1184,2503.0352
1185,629.61847
1186,2442.804
1187,2400.628
1188,2864.0427
1189,993.97424
1190,1037.0957
1191,503.33496
1192,3131.7969
1193,2900.2197
1194,4013.1902
1195,338.6215
1196,289.42526
1197,784.0449
1198,784.0449
1199,1406.5455
1200,2167.501
1201,2450.173
1202,2160.1707
1203,2302.127
1204,741.77435
1205,1647.9025
1206,2203.3457
1207,3554.7815
1208,694.6224
1209,1487.3333
1210,3196.6423
1211,2522.9731
1212,658.3504
1213,2494.2817
1214,2397.2073
1215,1458.4534
1216,3534.712
1217,1215.5627
1218,1880.5995
1219,1777.8905
1220,1054.1865
1221,4014.602
1222,2352.5996
1223,1836.9584
1224,233.41678
1225,2692.7263
1226,2465.112
1227,1210.597
1228,1280.8684
1229,914.32196
1230,864.8375
1231,1634.8552
1232,3352.2493
1233,256.25644
1234,256.4839
1235,3079.1067
1236,2754.1772
1237,2738.6392
1238,619.908
1239,3308.6555
1240,2312.884
1241,3023.894
1242,2086.9734
1243,2895.7756
1244,3495.5352
1245,2727.4512
1246,2172.3364
1247,701.24225
1248,3270.9546
1249,2452.4019
1250,313.36615
1251,3372.5945
1252,1555.0331
1253,1148.6199
1254,1850.251
1255,3396.23
1256,440.45575
1257,2363.9724
1258,3595.0068
1259,415.43057
1260,2754.8833
1261,2509.6482
1262,2725.2493
1263,1310.0317
1264,430.2543
1265,1685.5757
1266,3375.8474
1267,1829.3629
1268,4134.451
1269,485.1087
1270,316.28418
1271,1625.9227
1272,1371.7124
1273,289.2988
1274,2804.8538
1275,4141.786
1276,2665.8855
1277,2730.795
1278,1645.2428
1279,847.8553
1280,1883.9645
1281,2484.7874
1282,3024.0068
1283,531.6383
1284,4099.104
1285,1006.58
1286,3378.5264
1287,187.18945
1288,1071.785
1289,1439.5681
1290,2845.1724
1291,1940.3497
1292,1669.8744
1293,2248.1792
1294,102.79734
1295,1325.4982
1296,2062.1372
1297,1280.8684
1298,361.0977
1299,2526.9746
1300,883.2093
1301,342.76007
1302,3747.1384
1303,1841.8749
1304,1493.5516
1305,475.9392
1306,874.76886
1307,798.8083
1308,3177.1055
1309,1905.7227
1310,632.31104
1311,3602.3745
1312,2786.8975
1313,641.0271
1314,2483.5852
1315,2939.7156
1316,1301.5826
1317,639.8742
1318,2784.3306
1319,2756.1028
1320,2814.3464
1321,1591.1877
1322,1505.143
1323,3372.0232
1324,2607.7708
1325,2695.3457
1326,632.87354
1327,3067.5278
1328,2832.9226
1329,252.2032
1330,3532.9368
1331,2877.4531
1332,292.2974
1333,3708.7737
1334,1823.2397
1335,654.3795
1336,1860.5557
1337,2818.8867
1338,2724.0007
1339,191.32217
1340,476.31265
1341,1342.7972
1342,533.0811
1343,1949.6245
1344,2470.3906
1345,612.2325
1346,1930.6849
1347,2485.109
1348,536.6859
1349,2212.609
1350,4031.8853
1351,2997.5256
1352,3371.6187
1353,1317.1384
1354,1377.8568
1355,2577.1606
1356,1055.7029
1357,2709.287
1358,3465.7659
1359,2346.2808
1360,3185.9873
1361,373.98587
1362,835.0404
1363,421.75626
1364,2320.4807
1365,2380.9194
1366,3276.6716
1367,3523.694
1368,468.1938
1369,536.2136
1370,2800.2522
1371,2985.7725
1372,2495.893
1373,2415.6335
1374,3637.5693
1375,4146.7896
1376,800.81854
1377,520.60205
1378,2174.8564
1379,1884.3706
1380,1195.685
1381,3310.4434
1382,1818.7833
1383,3630.863
1384,3224.3887
1385,162.21278
1386,1839.7382
1387,2730.3518
1388,3358.005
1389,2652.4678
1390,2620.6023
1391,677.16
1392,2544.5107
1393,2511.557
1394,590.41046
1395,2538.901
1396,3338.8513
1397,2677.4314
1398,1556.474
1399,795.31555
1400,433.38235
1401,295.90805
1402,1607.0549
1403,2087.8586
1404,1791.1187
1405,2166.9473
1406,2123.5403
1407,2260.0957
1408,999.496
1409,1549.8922
1410,4112.923
1411,294.27304
1412,2313.6577
1413,2617.2373
1414,1638.4513
1415,3549.364
1416,2744.1016
1417,1784.4773
1418,654.1185
1419,2526.2915
1420,2974.8145
1421,1000.1594
1422,3027.3018
1423,1557.6613
1424,1992.2341
1425,1184.0115
1426,2685.312
1427,930.09406
1428,2504.5183
1429,715.81506
1430,1900.0428
1431,2208.9756
1432,946.9234
1433,720.56995
1434,3017.5354
1435,319.57968
1436,3270.793
1437,3391.3733
1438,837.2547
1439,435.09058
1440,1615.0728
1441,2066.2668
1442,1506.2847
1443,2351.3923
1444,3907.3896
1445,673.7468
1446,2156.7498
1447,3464.0952
1448,1625.397
1449,2825.5352
1450,2106.7324
1451,3490.8174
1452,793.94617
1453,3319.903
1454,2447.3806
1455,323.80322
1456,2782.8103
1457,3416.0208
1458,983.9794
1459,1741.7667
1460,2993.7275
1461,3033.9998
1462,3156.1196
1463,2605.6553
1464,629.60175
1465,2723.8276
1466,3267.3748
1467,552.4233
1468,2062.9058
1469,991.5613
1470,2957.4736
1471,1599.0042
1472,4065.554
1473,3213.5215
1474,4143.133
1475,2172.096
1476,2210.567
1477,2564.714
1478,4208.567
1479,4171.547
1480,3037.7112
1481,1475.2948
1482,2838.1416
1483,3422.2087
1484,1503.1023
1485,962.28925
1486,3374.7983
1487,225.60399
1488,2299.8035
1489,1838.9463
1490,3615.1897
1491,2995.8862
1492,817.25116
1493,675.3305
1494,113.86069
1495,2949.6775
1496,833.69836
1497,672.3601
1498,3233.2998
1499,2223.0342
1500,266.65695
1501,1614.8677
1502,677.29443
1503,3939.678
1504,2027.0
1505,203.5092
1506,2873.0024
1507,1603.3942
1508,2482.6797
1509,3462.707
1510,313.14655
1511,1997.798
1512,2494.3584
1513,659.1187
1514,2169.2893
1515,2754.0305
1516,122.88896
1517,163.03908
1518,246.37654
1519,2129.4683
1520,1578.6661
1521,529.3558
1522,2628.2737
1523,2763.9863
1524,2516.5234
1525,265.36755
1526,1222.0198
1527,1676.8871
1528,672.4427
1529,2065.87
1530,425.90848
1531,430.4413
1532,3016.8997
1533,403.72742
1534,3246.4045
1535,2465.1243
1536,2479.6052
1537,1517.0728
1538,2153.0728
1539,1663.6213
1540,2529.7134
1541,1784.2084
1542,648.5918
1543,1574.9028
1544,284.58298
1545,624.5977
1546,3070.8455
1547,209.00182
1548,4069.3706
1549,2489.3057
1550,3009.3
1551,2044.3258
1552,341.64047
1553,2480.9868
1554,2465.4167
1555,2585.7441
1556,2487.367
1557,1589.0571
1558,716.342
1559,3602.531
1560,1703.4401
1561,1032.9574
1562,385.2352
1563,2090.234
1564,408.71747
1565,1547.7649
1566,3754.1226
1567,3015.743
1568,1284.9536
1569,2597.7131
1570,1008.39197
1571,4091.161
1572,1128.3049
1573,3081.0188
1574,588.0893
1575,3494.614
1576,1940.7986
1577,656.73474
1578,2080.4512
1579,654.5775
1580,1676.1494
1581,3483.002
1582,2821.392
1583,2093.7126
1584,2258.9333
1585,3036.3247
1586,2719.8909
1587,1646.5209
1588,821.4929
1589,2402.1787
1590,1712.8291
1591,415.84616
1592,3027.1262
1593,478.3628
1594,2215.3357
1595,1020.7391
1596,3573.536
1597,3193.643
1598,3079.844
1599,2303.5867
1600,2645.6528
1601,1120.165
1602,1365.5492
1603,2395.0378
1604,2978.242
1605,770.20013
1606,4033.717
1607,2755.169
1608,2623.1006
1609,1111.3269
1610,2958.9075
1611,188.61456
1612,2388.0784
1613,3457.618
1614,609.0041
1615,2929.8882
1616,125.26752
1617,1692.9192
1618,2829.555
1619,960.15204
1620,2451.4963
1621,3107.9136
1622,3808.082
1623,1958.3673
1624,2477.2346
1625,1267.2737
1626,3030.1777
1627,2740.9495
1628,2990.7812
1629,87.55517
1630,3014.296
1631,2729.2854
1632,1329.6818
1633,661.2348
1634,3286.4849
1635,1880.8578
1636,3675.137
1637,946.7544
1638,3891.0364
1639,2720.9697
1640,3066.0654
1641,3092.8718
1642,822.7214
1643,2857.633
1644,517.938
1645,3122.3071
1646,1524.7391
1647,2763.3035
1648,364.49576
1649,2308.0083
1650,1923.4844
1651,201.24557
1652,832.6534
1653,3067.5225
1654,3462.204
1655,786.60004
1656,1915.2278
1657,626.6561
1658,2028.2449
1659,874.3375
1660,2730.9036
1661,1542.8431
1662,3667.3508
1663,1749.8239
1664,313.2777
1665,2971.6265
1666,3463.4653
1667,1295.442
1668,3284.9697
1669,991.217
1670,3013.2964
1671,2978.164
1672,1448.015
1673,1651.2865
1674,1070.6667
1675,3710.3384
1676,169.2643
1677,2419.6282
1678,1450.1288
1679,3263.1418
1680,2034.4998
1681,2585.7812
1682,2471.0056
1683,1371.4158
1684,311.46912
1685,2979.227
1686,2802.0635
1687,2489.8997
1688,1325.7166
1689,782.62
1690,1579.3079
1691,590.66077
1692,1804.2318
1693,2705.4424
1694,1962.2817
1695,590.4726
1696,2179.5947
1697,2432.5068
1698,1851.2974
1699,626.6577
1700,3431.3616
1701,1021.69727
1702,1280.5205
1703,2042.4354
1704,1978.7465
1705,1597.8589
1706,3728.9324
1707,3042.41
1708,3327.2126
1709,2386.729
1710,152.61723
1711,1890.1204
1712,2519.7993
1713,1885.3512
1714,3623.45
1715,2423.3027
1716,3649.1104
1717,1755.2196
1718,422.73947
1719,1049.4303
1720,2996.4917
1721,2378.8496
1722,2623.5112
1723,1946.2452
1724,2341.102
1725,649.4513
1726,4061.3923
1727,3380.8386
1728,1993.8667
1729,1802.1508
1730,2744.8882
1731,3097.2258
1732,2439.9216
1733,412.97617
1734,1164.234
1735,2139.2268
1736,2021.777
1737,1706.2943
1738,635.1271
1739,2435.2307
1740,853.2968
1741,402.89142
1742,2029.0466
1743,586.97754
1744,209.65904
1745,2994.1003
1746,735.56934
1747,2155.2454
1748,2736.4148
1749,2844.7031
1750,3622.2976
1751,1278.3014
1752,2959.9026
1753,3478.0217
1754,2372.3945
1755,656.4267
1756,2987.507
1757,3023.7693
1758,697.7236
1759,2422.3125
1760,3228.4033
1761,3212.9595
1762,2456.2952
1763,2723.173
1764,1377.8568
1765,2385.3357
1766,3627.7979
1767,1538.1882
1768,2417.2993
1769,3533.1577
1770,2553.5532
1771,3194.4956
1772,2789.4229
1773,3726.6309
1774,2593.2527
1775,3071.5366
1776,1775.9043
1777,2733.8943
1778,428.4195
1779,4021.0078
1780,818.9833
1781,486.95334
1782,1369.9031
1783,106.374794
1784,2798.611
1785,307.8098
1786,2350.5164
1787,1175.7354
1788,2204.9443
1789,1976.2812
1790,249.18828
1791,2635.8193
1792,3309.5635
1793,1823.214
1794,1024.7471
1795,2429.827
1796,2690.043
1797,1447.9406
1798,1789.9369
1799,973.0156
1800,1265.639
1801,4193.164
1802,1495.3226
1803,1144.006
1804,3248.4773
1805,480.5057
1806,2344.0625
1807,458.94833
1808,932.3993
1809,2786.2883
1810,2526.8445
1811,2551.3423
1812,157.87119
1813,3173.7207
1814,1447.9406
1815,518.69434
1816,834.4977
1817,2747.4973
1818,3054.077
1819,282.95013
1820,2555.086
1821,1850.6053
1822,2842.8013
1823,187.20868
1824,612.2859
1825,1635.043
1826,1309.2045
1827,2982.3586
1828,2946.2095
1829,616.5773
1830,433.67416
1831,2355.108
1832,1081.7731
1833,787.3326
1834,3294.6738
1835,1651.8647
1836,250.93329
1837,4160.9023
1838,2208.0889
1839,2698.2397
1840,3338.992
1841,2680.697
1842,2334.2515
1843,2762.2742
1844,646.4332
1845,1599.9121
1846,2145.73
1847,1595.9155
1848,1486.7734
1849,2707.9707
1850,3367.2068
1851,2797.2751
1852,500.18723
1853,3599.2114
1854,2185.8801
1855,1211.3394
1856,2660.4592
1857,187.99507
1858,3298.6335
1859,2323.4172
1860,1160.7236
1861,3500.2598
1862,2995.5115
1863,1568.2788
1864,3643.9617
1865,2106.955
1866,1735.4738
1867,1716.2731
1868,657.64185
1869,649.2234
1870,1950.3939
1871,2341.2773
1872,165.95874
1873,813.5779
1874,2919.11
1875,1334.0919
1876,4094.763
1877,2813.2102
1878,1841.1736
1879,1947.9321
1880,974.48676
1881,2321.2383
1882,1626.494
1883,2840.03
1884,1358.587
1885,184.05173
1886,2459.1523
1887,391.10843
1888,3450.6199
1889,628.69305
1890,1032.8557
1891,2741.523
1892,1638.272
1893,1477.6915
1894,286.0786
1895,3719.3062
1896,1402.9227
1897,2960.103
1898,1571.3678
1899,3040.521
1900,3015.4912
1901,652.3462
1902,214.6184
1903,3315.8672
1904,2170.1265
1905,2731.0227
1906,4158.8853
1907,3697.8481
1908,2778.8215
1909,2478.2017
1910,2903.9424
1911,237.02019
1912,3581.2422
1913,1920.1276
1914,3558.7224
1915,633.48444
1916,393.6028
1917,2478.9382
1918,1841.9817
1919,180.856
1920,1894.4003
1921,2152.1853
1922,2174.6897
1923,2989.893
1924,3131.1504
1925,1627.9285
1926,1785.688
1927,3597.8994
1928,1074.8993
1929,1941.86
1930,3468.2742
1931,203.19621
1932,3385.0574
1933,1095.9183
1934,4114.751
1935,2463.8196
1936,2033.4385
1937,2904.742
1938,1417.2203
1939,764.89276
1940,1620.9988
1941,1593.2208
1942,1304.9149
1943,1129.7852
1944,904.2176
1945,646.3566
1946,4105.6196
1947,2771.0925
1948,550.6711
1949,675.7921
1950,1096.5282
1951,2003.8835
1952,3391.7612
1953,818.8497
1954,1990.5094
1955,241.05296
1956,2206.882
1957,2281.4067
1958,667.3182
1959,244.77199
1960,3896.9985
1961,2090.0283
1962,2056.605
1963,2161.687
1964,2943.5037
1965,776.67633
1966,658.43713
1967,2778.098
1968,1971.8885
1969,406.0395
1970,277.24747
1971,1980.1594
1972,240.48663
1973,277.86508
1974,206.8105
1975,679.96094
1976,1138.9563
1977,3120.4417
1978,2394.0437
1979,2482.8008
1980,1286.3447
1981,3954.7139
1982,990.7679
1983,1869.5632
1984,972.8273
1985,2526.9128
1986,2829.2847
1987,716.2102
1988,3420.8682
1989,459.20264
1990,2330.0588
1991,2419.334
1992,2772.802
1993,1806.0144
1994,4027.7456
1995,2523.5193
1996,3159.8813
1997,698.3594
1998,2262.5322
1999,1906.5343
2000,2085.5564
2001,479.10892
2002,808.63495
2003,3031.673
2004,3039.7864
2005,2785.9685
2006,2245.9993
2007,3034.9167
2008,2301.9592
2009,2609.4263
2010,451.40924
2011,3247.6934
2012,278.27737
2013,593.20074
2014,2116.0034
2015,2901.034
2016,680.4265
2017,1663.9708
2018,3136.2144
2019,162.48769
2020,2227.1357
2021,1858.5087
2022,3031.26
2023,1938.0298
2024,686.00464
2025,2470.242
2026,2722.0793
2027,823.72833
2028,4082.614
2029,3269.9346
2030,1346.0397
2031,1945.8494
2032,3541.727
2033,1572.6215
2034,2259.7708
2035,1960.2712
2036,3736.2886
2037,793.3695
2038,711.5153
2039,3061.055
2040,2637.5364
2041,2447.028
2042,1631.083
2043,3244.291
2044,1921.6012
2045,624.26
2046,2767.4473
2047,2817.1504
2048,2505.7205
2049,1932.4524
2050,2302.0386
2051,1232.9265
2052,685.35455
2053,2660.8782
2054,2707.0554
2055,728.3276
2056,968.2122
2057,488.58768
2058,2814.946
2059,975.0155
2060,2508.2314
2061,3094.9229
2062,4117.383
2063,979.0741
2064,1931.3738
2065,829.10535
2066,666.002
2067,865.91693
2068,1675.4303
2069,2984.071
2070,2024.7552
2071,3116.2034
2072,305.89536
2073,2173.0857
2074,1761.6024
2075,444.62097
2076,869.19714
2077,3964.0898
2078,2768.9045
2079,1600.9421
2080,1591.1226
2081,3647.811
2082,258.38574
2083,363.61725
2084,1655.1417
2085,1938.4669
2086,2662.1318
2087,693.56506
2088,2682.0327
2089,1209.5742
2090,3342.6245
2091,3625.6863
2092,1859.7457
2093,3017.1204
2094,782.1542
2095,1242.0104
2096,1866.7777
2097,2322.854
2098,2224.4114
2099,3024.009
2100,1670.3405
2101,2195.619
2102,1333.1559
2103,2707.2495
2104,3094.122
2105,2309.4624
2106,620.9475
2107,2810.7466
2108,2931.7173
2109,2790.8274
2110,1568.9705
2111,2040.5347
2112,692.81665
2113,3276.8523
2114,725.93024
2115,220.9168
2116,2340.0122
2117,830.2622
2118,664.399
2119,2239.5103
2120,3599.444
2121,2612.0337
2122,4087.243
2123,4036.3508
2124,2679.1914
2125,488.43973
2126,3044.0483
2127,2085.2024
2128,4117.6445
2129,2645.5654
2130,1634.2089
2131,317.68356
2132,1677.7252
2133,2849.5435
2134,770.91064
2135,371.01758
2136,2744.1274
2137,3511.127
2138,1052.4824
2139,818.8497
2140,4031.1658
2141,3762.759
2142,2955.5247
2143,2461.6023
2144,2501.0361
2145,2511.6897
2146,441.05063
2147,3056.5166
2148,3194.9456
2149,3850.2915
2150,2058.1282
2151,1939.0936
2152,1503.4954
2153,2800.9521
2154,2585.4033
2155,1041.163
2156,4061.9937
2157,3027.1106
2158,2002.3536
2159,700.72235
2160,2787.9097
2161,836.8847
2162,375.94815
2163,219.79733
2164,1080.8138
2165,1789.3749
2166,1559.3949
2167,78.435
2168,975.0155
2169,4152.302
2170,2371.9895
2171,1708.5752
2172,2560.3892
2173,2859.8733
2174,1669.898
2175,1020.2396
2176,2650.2134
2177,3076.8303
2178,626.7582
2179,116.52214
2180,512.2375
2181,2924.8738
2182,3350.2683
2183,3642.768
2184,1702.041
2185,4154.9873
2186,753.545
2187,4100.6255
2188,2701.8118
2189,1652.4609
2190,728.6205
2191,3159.481
2192,3461.7114
2193,723.3908
2194,1055.5363
2195,1964.0574
2196,1463.8931
2197,3214.4045
2198,3750.7432
2199,1875.7938
2200,3519.7898
2201,4063.5771
2202,1881.7198
2203,592.1229
2204,3397.8147
2205,1150.3704
2206,1454.1074
2207,1958.702
2208,4103.1787
2209,1836.82
2210,1935.6901
2211,683.83356
2212,110.63174
2213,813.7916
2214,3004.721
2215,1942.1006
2216,1674.6337
2217,3763.4763
2218,2160.204
2219,2971.443
2220,796.205
2221,4111.3765
2222,430.1436
2223,3316.8545
2224,1638.3586
2225,2523.5818
2226,2424.2969
2227,1380.18
2228,805.3991
2229,1291.8937
2230,270.80374
2231,3741.0374
2232,3359.2158
2233,863.2998
2234,3921.5593
2235,685.77185
2236,3269.6846
2237,532.1968
2238,3655.3167
2239,3585.0117
2240,400.25055
2241,2984.48
2242,993.4384
2243,821.5462
2244,1953.6204
2245,1137.9501
2246,2826.403
2247,2739.0913
2248,3428.4905
2249,2897.9495
2250,306.662
2251,2699.6885
2252,2767.7273
2253,2459.4563
2254,535.07465
2255,2931.713
2256,152.9218
2257,2872.6562
2258,1573.3282
2259,3309.7214
2260,816.28503
2261,714.4255
2262,3514.5176
2263,2883.7957
2264,3008.409
2265,3397.578
2266,1537.6245
2267,4120.203
2268,775.4768
2269,711.96185
2270,1377.3894
2271,2942.4949
2272,3636.3223
2273,3437.9219
2274,1047.2185
2275,1418.2712
2276,592.6292
2277,1230.9772
2278,2984.3186
2279,2259.7341
2280,4000.053
2281,1414.9346
2282,1306.3317
2283,650.4941
2284,2221.5884
2285,999.9025
2286,3658.0017
2287,3258.7896
2288,2053.7625
2289,2728.9243
2290,455.1178
2291,2834.843
2292,2192.016
2293,851.0937
2294,1024.2322
2295,313.315
2296,2631.3086
2297,2362.3728
2298,782.1866
2299,2499.936
2300,3013.9626
2301,287.0211
2302,455.67758
2303,2113.4714
2304,2099.5867
2305,3661.1619
2306,590.0898
2307,1840.1486
2308,1470.3463
2309,641.04333
2310,755.44415
2311,1603.3942
2312,2799.5757
2313,4178.8936
2314,2435.794
2315,1877.4552
2316,3330.6187
2317,3373.0767
2318,2947.0276
2319,3227.6682
2320,2948.4382
2321,1052.4746
2322,2440.235
2323,2402.16
2324,2033.0396
2325,3800.4766
2326,2257.2498
2327,1781.0737
2328,1328.9208
2329,3503.754
2330,1645.6561
2331,816.43744
2332,2116.836
2333,3090.933
2334,2481.7424
2335,1995.4194
2336,411.56396
2337,2738.8176
2338,4048.3408
2339,1020.47723
2340,629.03076
2341,1451.9966
2342,771.9673
2343,3429.4778
2344,2440.765
2345,342.39435
2346,2753.1826
2347,3228.6777
2348,1061.7654
2349,904.02795
2350,2508.119
2351,526.07336
2352,1159.6439
2353,3048.6482
2354,2891.8381
2355,3014.2769
2356,99.92362
2357,1087.879
2358,1941.4528
2359,3377.593
2360,2932.8672
2361,3457.033
2362,512.3111
2363,2752.513
2364,508.53568
2365,341.43436
2366,3640.4038
2367,3831.3835
2368,1358.0017
2369,2958.0774
2370,2762.0107
2371,737.88934
2372,2948.4275
2373,1752.9951
2374,2154.2002
2375,871.78314
2376,1355.0411
2377,1562.3822
2378,2099.525
2379,1506.1466
2380,507.54895
2381,740.1755
2382,2107.8115
2383,3523.2676
2384,2174.3533
2385,3026.234
2386,243.29738
2387,2610.0732
2388,866.6078
2389,1116.8904
2390,669.0114
2391,473.68118
2392,3284.0889
2393,303.45157
2394,666.64594
2395,667.12897
2396,730.1861
2397,1622.9423
2398,1240.4979
2399,3566.135
2400,3289.2175
2401,2543.6829
2402,1678.7179
2403,2108.306
2404,684.9261
2405,3139.5142
2406,3046.8303
2407,4063.5771
2408,296.83142
2409,639.1023
2410,1338.2128
2411,657.9363
2412,389.6907
2413,1881.3843
2414,2721.699
2415,3557.8508
2416,2301.5012
2417,2618.3606
2418,1808.6915
2419,2198.757
2420,399.6234
2421,1894.1547
2422,2065.4094
2423,4045.2217
2424,2353.2783
2425,2524.4739
2426,3173.8306
2427,2499.3928
2428,2172.8547
2429,3017.9216
2430,983.9407
2431,655.4819
2432,3755.0107
2433,213.58653
2434,2289.0906
2435,3590.2825
2436,2427.8474
2437,2461.1143
2438,1798.0961
2439,2363.9556
2440,3200.5935
2441,685.4666
2442,3505.8608
2443,2854.53
2444,2413.787
2445,2654.081
2446,2108.193
2447,3762.9448
2448,2474.2102
2449,2489.5588
2450,3000.7534
2451,3452.397
2452,725.8132
2453,1481.0662
2454,1627.3405
2455,123.04865
2456,1951.9147
2457,3208.0532
2458,1298.9597
2459,3590.6519
2460,957.78864
2461,1614.7721
2462,2778.973
2463,3655.7017
2464,2997.1255
2465,1348.0093
2466,977.72095
2467,2469.2642
2468,1678.2865
2469,837.2547
2470,660.93604
2471,3085.4211
2472,464.83118
2473,1873.0709
2474,2685.3652
2475,838.25543
2476,670.60016
2477,753.943
2478,3813.6584
2479,293.7558
2480,3160.6135
2481,1387.3447
2482,1806.9741
2483,2303.321
2484,2802.152
2485,606.562
2486,2142.889
2487,2539.4226
2488,268.34274
2489,2861.7507
2490,617.3098
2491,3242.036
2492,1327.4052
2493,4021.9912
2494,2165.367
2495,2601.9417
2496,1997.786
2497,3554.6328
2498,1566.3757
2499,422.29187
2500,1004.81604
2501,1408.6318
2502,1580.9767
2503,672.1814
2504,181.82564
2505,208.2372
2506,2904.0103
2507,1263.7705
2508,2098.6162
2509,2031.7484
2510,3525.0786
2511,1377.668
2512,2552.1538
2513,3271.0283
2514,1714.8162
2515,384.37973
2516,288.82498
2517,1491.2959
2518,2013.2124
2519,1575.5165
2520,4072.3606
2521,2748.8367
2522,119.24392
2523,1339.0851
2524,3243.7935
2525,2169.2893
2526,2682.0327
2527,818.57117
2528,1858.1273
2529,3141.3523
2530,3024.1082
2531,2438.58
2532,1132.9498
2533,3687.0186
2534,465.45923
2535,1893.8728
2536,1358.0947
2537,760.6545
2538,3441.3955
2539,3321.7312
2540,1428.2035
2541,933.71497
2542,3165.1538
2543,3018.1238
2544,2355.615
2545,1265.6028
2546,3048.4656
2547,4070.896
2548,2420.763
2549,3223.7124
2550,2719.3628
2551,3287.0325
2552,2923.6777
2553,2999.54
2554,706.7797
2555,3734.0757
2556,3548.084
2557,1719.8286
2558,1472.9207
2559,2781.8586
2560,2073.3425
2561,228.91263
2562,3079.6057
2563,1529.2347
2564,2737.9373
2565,2175.0686
2566,408.16064
2567,3677.2798
2568,378.342
2569,1337.4945
2570,2027.2502
2571,1998.9774
2572,1684.0327
2573,1953.1196
2574,2808.1877
2575,917.9369
2576,2957.0159
2577,3197.7378
2578,3367.1565
2579,2163.8752
2580,1404.9795
2581,2600.5752
2582,753.5322
2583,1409.9247
2584,562.8232
2585,1959.9669
2586,4211.498
2587,3533.8406
2588,3571.9207
2589,3756.693
2590,2645.3013
2591,1272.9209
2592,933.60815
2593,1239.9111
2594,2891.2712
2595,1242.9537
2596,2906.2996
2597,287.4254
2598,1357.458
2599,2266.1907
2600,225.15182
2601,2058.3845
2602,1667.405
2603,2424.8945
2604,2157.6096
2605,307.7558
2606,2088.2068
2607,2682.1963
2608,1695.644
2609,107.34264
2610,646.86096
2611,1608.4572
2612,3234.4905
2613,1680.8641
2614,1616.5596
2615,2064.2463
2616,1305.1652
2617,3448.4768
2618,2832.4294
2619,1981.7773
2620,2315.3972
2621,259.45526
2622,360.12735
2623,3823.2273
2624,3549.8894
2625,293.25864
2626,243.93384
2627,1920.4927
2628,268.1339
2629,1207.6942
2630,1864.9314
2631,4000.3955
2632,1233.9519
2633,2593.717
2634,3310.396
2635,1566.9904
2636,2766.0154
2637,1397.0664
2638,595.3148
2639,2418.9644
2640,2391.016
2641,473.7397
2642,1615.5208
2643,2789.3284
2644,2688.4727
2645,1438.4873
2646,2399.9583
2647,1628.5004
2648,353.84396
2649,3994.1606
2650,409.64517
2651,3102.5896
2652,404.06064
2653,2979.5222
2654,3924.0632
2655,2814.8916
2656,1574.8943
2657,2372.7722
2658,2494.2817
2659,1775.7882
2660,982.87555
2661,3031.68
2662,1203.341
2663,322.49878
2664,753.24927
2665,2055.055
2666,3855.4111
2667,2072.4934
2668,1762.8246
2669,3294.7493
2670,2660.5466
2671,1746.2521
2672,983.4913
2673,1567.5792
2674,1973.521
2675,2695.8767
2676,1292.0858
2677,264.1769
2678,2024.3687
2679,2296.279
2680,597.3004
2681,1354.0308
2682,3782.146
2683,1955.4025
2684,2818.3933
2685,2003.8752
2686,1828.18
2687,834.96704
2688,1906.2771
2689,1226.929
2690,2912.6252
2691,749.6215
2692,1343.1301
2693,2927.0945
2694,394.95438
2695,2841.5212
2696,2040.357
2697,2077.8933
2698,4115.574
2699,2619.781
2700,1560.6206
2701,2542.3906
2702,3417.0625
2703,2566.1304
2704,2496.2178
2705,782.1542
2706,2674.3162
2707,2566.471
2708,1481.063
2709,2423.3652
2710,2824.5215
2711,3655.434
2712,529.9651
2713,2737.0662
2714,3141.4075
2715,2824.7583
2716,2073.8962
2717,699.0072
2718,1935.7827
2719,2016.1938
2720,708.85236
2721,220.96431
2722,2933.9263
2723,1849.274
2724,2411.2764
2725,2640.456
2726,1323.1519
2727,180.99644
2728,2357.4011
2729,632.2137
2730,3165.0679
2731,1658.3013
2732,1861.1006
2733,2057.1953
2734,3333.038
2735,982.1662
2736,3003.6826
2737,2617.4622
2738,837.682
2739,1709.4839
2740,776.2324
2741,2731.5513
2742,1994.4083
2743,2527.883
2744,2034.7148
2745,1649.7787
2746,3460.2708
2747,3243.7551
2748,728.76825
2749,1572.2964
2750,2749.4312
2751,114.83478
2752,2765.757
2753,2694.5886
2754,723.3908
2755,2494.3438
2756,1134.739
2757,1995.3014
2758,2835.6313
2759,2986.066
2760,254.81912
2761,3299.1792
2762,2779.358
2763,3294.2117
2764,455.59442
2765,1001.3027
2766,2417.4517
2767,2510.2249
2768,1202.4028
2769,932.52563
2770,3696.889
2771,229.19899
2772,3420.508
2773,2120.8423
2774,2477.4968
2775,2461.041
2776,836.8847
2777,2673.894
2778,476.4741
2779,454.72064
2780,2569.9016
2781,4057.9797
2782,1528.4862
2783,3039.4194
2784,3809.858
2785,2955.736
2786,3060.9578
2787,4165.873
2788,299.24908
2789,1602.2908
2790,1950.3939
2791,2994.1384
2792,846.08453
2793,4154.9873
2794,2987.334
2795,347.92142
2796,1079.994
2797,1223.8098
2798,78.114365
2799,233.53584
2800,1954.0963
2801,3467.276
2802,2899.8396
2803,2954.384
2804,2584.9026
2805,3009.4265
2806,2848.0352
2807,292.73877
2808,1475.0457
2809,3684.8777
2810,2268.4736
2811,1627.3405
2812,3594.6646
2813,683.8496
2814,2619.916
2815,1147.3264
2816,2660.1934
2817,2770.7725
2818,570.9051
2819,274.2885
2820,1424.2565
2821,2759.1018
2822,3623.5127
2823,278.568
2824,3007.2827
2825,3505.8997
2826,3920.753
2827,315.47186
2828,2467.8152
2829,305.43918
2830,267.06155
2831,2753.1082
2832,2783.724
2833,1526.6515
2834,2739.914
2835,4127.8853
2836,304.43484
2837,493.94278
2838,3542.9026
2839,1219.0885
2840,2665.8237
2841,736.7641
2842,3041.7834
2843,296.70596
2844,2739.6917
2845,1165.1138
2846,649.3162
2847,2256.3936
2848,366.18597
2849,888.6377
2850,463.81677
2851,143.12581
2852,2888.2097
2853,3539.2178
2854,3007.21
2855,778.5922
2856,1661.9873
2857,3416.318
2858,757.3509
2859,2860.3552
2860,2476.3955
2861,3327.0823
2862,240.69287
2863,1024.7471
2864,2063.536
2865,361.4479
2866,988.1654
2867,1536.5128
2868,3613.3557
2869,4070.0137
2870,818.7885
2871,245.247
2872,674.64026
2873,2991.9805
2874,632.87354
2875,2784.1912
2876,3394.8274
2877,3041.0564
2878,2725.5508
2879,1817.6233
2880,977.28314
2881,2074.3606
2882,2953.3591
2883,3528.6335
2884,3085.932
2885,605.01196
2886,3562.4875
2887,1922.7753
2888,2824.5488
2889,2121.2473
2890,3301.409
2891,757.7913
2892,3346.0999
2893,834.7153
2894,610.08496
2895,2279.8445
2896,667.1438
2897,248.66309
2898,437.28162
2899,2540.3232
2900,2635.1296
2901,711.17554
2902,2776.031
2903,2973.611
2904,3627.9097
2905,181.69022
2906,1330.4531
2907,2739.5518
2908,2314.0596
2909,972.6469
2910,303.6592
2911,3888.4397
2912,2918.8472
2913,970.05365
2914,3557.113
2915,3149.5037
2916,355.7284
2917,830.46515
2918,662.80536
2919,2986.0837
2920,2236.2874
2921,409.75153
2922,2697.114
2923,472.22342
2924,2862.2532
2925,2702.8774
2926,610.049
2927,3023.6165
2928,636.01044
2929,661.8475
2930,3634.0984
2931,2158.1306
2932,835.06647
2933,2140.2263
2934,2995.5981
2935,1642.3073
2936,3417.0132
2937,2681.9656
2938,2079.6973
2939,1261.0353
2940,2347.1636
2941,1490.6062
2942,2457.8704
2943,2067.0051
2944,3241.8447
2945,1431.2748
2946,1617.0978
2947,2185.9995
2948,1185.7211
2949,813.8173
2950,3208.8696
2951,2971.3198
2952,3617.5146
2953,1696.7688
2954,2616.8083
2955,2985.9448
2956,981.2623
2957,588.27765
2958,2259.2039
2959,842.1711
2960,3387.2224
2961,1356.8517
2962,1544.8821
2963,1322.2312
2964,760.5989
2965,1854.0924
2966,3298.1929
2967,3229.468
2968,452.61502
2969,1190.5378
2970,2686.3513
2971,3200.3186
2972,3051.2043
2973,3617.2407
2974,318.44623
2975,1650.4417
2976,975.3667
2977,3274.7478
2978,3285.1235
2979,211.4526
2980,2504.6602
2981,2723.312
2982,205.32605
2983,157.32677
2984,724.9066
2985,1718.721
2986,3518.3494
2987,2902.1304
2988,3298.3508
2989,249.92656
2990,3508.49
2991,622.56836
2992,740.8751
2993,2181.3965
2994,618.9952
2995,2479.1362
2996,2565.7532
2997,2490.3386
2998,2014.0952
2999,3534.6057
3000,1176.4526
3001,3321.8013
3002,1976.743
3003,3409.7893
3004,3700.9897
3005,2646.3574
3006,2035.9015
3007,2220.777
3008,3273.2842
3009,3397.8147
3010,4087.9453
3011,1713.3706
3012,1701.3203
3013,4066.55
3014,2620.826
3015,755.82465
3016,3226.3633
3017,552.6924
3018,2696.8237
3019,2489.2986
3020,3554.7131
3021,2208.5422
3022,1802.9435
3023,402.0728
3024,2836.9414
3025,2816.5994
3026,3344.1182
3027,203.45377
3028,316.9317
3029,1450.1548
3030,2177.398
3031,342.74118
3032,2057.6746
3033,2482.5315
3034,490.8289
3035,2197.0842
3036,1590.2672
3037,3374.7788
3038,894.92224
3039,1675.8514
3040,2426.4915
3041,824.91516
3042,2438.944
3043,3050.0208
3044,3038.2908
3045,2337.1135
3046,3581.0796
3047,215.8974
3048,2975.9497
3049,1189.6697
3050,1821.2267
3051,832.6534
3052,2524.105
3053,1532.8402
3054,1915.8949
3055,1110.6881
3056,3612.271
3057,3357.126
3058,998.43427
3059,2303.37
3060,99.20127
3061,3164.5505
3062,669.36505
3063,1594.6517
3064,266.64056
3065,2265.3477
3066,554.80615
3067,210.54462
3068,1510.4641
3069,770.1764
3070,1332.0753
3071,1046.5792
3072,578.2977
3073,645.9339
3074,702.6445
3075,2825.4026
3076,3998.7527
3077,4123.8213
3078,1060.9261
3079,1290.806
3080,2405.9817
3081,2154.2368
3082,4099.104
3083,452.87985
3084,1695.5111
3085,105.61965
3086,2219.7915
3087,325.52884
3088,4046.583
3089,1247.5468
3090,2146.572
3091,977.64355
3092,2384.2341
3093,2951.425
3094,1995.4325
3095,2117.8794
3096,297.86804
3097,3002.2942
3098,2883.8503
3099,2821.1064
3100,3005.8774
3101,2016.6094
3102,2038.3358
3103,3529.0452
3104,1865.3812
3105,2659.9055
3106,2155.2463
3107,639.1714
3108,3235.18
3109,265.53036
3110,515.29156
3111,265.94873
3112,780.1967
3113,2306.6047
3114,4141.135
3115,972.2419
3116,2971.4214
3117,570.42926
3118,2697.5142
3119,834.8815
3120,2808.6272
3121,4012.4875
3122,682.4728
3123,3293.2961
3124,1153.6782
3125,255.35172
3126,2449.0898
3127,3142.1763
3128,2798.3372
3129,2135.2915
3130,1909.6598
3131,3319.9026
3132,3631.4417
3133,2379.8562
3134,2333.7485
3135,2706.9421
3136,2690.4832
3137,1000.7063
3138,3505.5725
3139,1270.0083
3140,2728.3855
3141,4112.7266
3142,2871.936
3143,632.72437
3144,3469.8079
3145,1006.8892
3146,3394.2847
3147,1294.2643
3148,3523.7666
3149,505.71622
3150,2703.94
3151,828.9289
3152,186.10802
3153,3409.7017
3154,1466.0624
3155,590.0898
3156,4056.8452
3157,2748.6006
3158,1984.076
3159,653.91693
3160,4043.8057
3161,1993.9059
3162,3427.2236
3163,292.24603
3164,2990.7546
3165,780.8116
3166,2973.4558
3167,468.9566
3168,4098.156
3169,2997.1255
3170,3426.7952
3171,1344.46
3172,3419.1826
3173,1000.10675
3174,748.0571
3175,2497.2292
3176,2055.5442
3177,1936.0424
3178,3348.1523
3179,3333.6318
3180,2012.8124
3181,1326.6833
3182,563.5696
3183,652.023
3184,3745.5361
3185,2777.6758
3186,768.73395
3187,2676.2185
3188,3041.6475
3189,1610.0042
3190,3008.409
3191,1840.7682
3192,1827.5808
3193,2359.4617
3194,3304.298
3195,853.9471
3196,1297.6586
3197,2337.4893
3198,1960.9187
3199,2742.3484
3200,1428.3619
3201,2470.6943
3202,2003.4132
3203,3215.6682
3204,2682.0327
3205,605.94653
3206,254.09212
3207,223.28493
3208,237.88443
3209,376.9608
3210,2026.859
3211,3046.2896
3212,1150.468
3213,876.9985
3214,1724.0972
3215,2691.299
3216,2138.1514
3217,2595.5735
3218,1555.9661
3219,2994.5002
3220,1631.276
3221,665.8327
3222,596.6556
3223,604.1292
3224,3792.5273
3225,1243.1791
3226,1478.7134
3227,2190.7646
3228,2037.0157
3229,2150.0537
3230,1060.3145
3231,92.45646
3232,2740.3667
3233,3508.6555
3234,2501.2998
3235,4064.9678
3236,663.7711
3237,2494.2817
3238,2287.7246
3239,346.73685
3240,2067.7078
3241,335.0692
3242,1276.5886
3243,3795.5002
3244,2564.1946
3245,527.1681
3246,2592.648
3247,3755.1143
3248,1607.0509
3249,2140.7515
3250,2570.564
3251,1885.5068
3252,2700.9478
3253,790.7419
3254,2274.675
3255,1647.9924
3256,1829.6514
3257,230.85231
3258,2738.114
3259,3290.416
3260,1922.0139
3261,2221.9438
3262,1013.2139
3263,991.79645
3264,290.2498
3265,969.107
3266,636.3725
3267,407.5137
3268,2800.2954
3269,692.84424
3270,2694.0469
3271,459.3082
3272,799.01013
3273,2680.7688
3274,3509.6274
3275,2427.1802
3276,2893.73
3277,2269.7683
3278,3220.5364
3279,2375.6401
3280,273.2955
3281,564.2621
3282,160.6155
3283,3427.974
3284,3327.5818
3285,2191.2642
3286,1910.7014
3287,3332.181
3288,2943.4114
3289,2595.238
3290,2437.7012
3291,2791.5793
3292,202.82832
3293,3143.4568
3294,307.69016
3295,2584.579
3296,3578.5813
3297,2662.0107
3298,1025.5898
3299,2141.2434
3300,839.099
3301,1600.2103
3302,2402.0015
3303,1951.8845
3304,3503.4382
3305,2691.886
3306,2325.5867
3307,3119.4885
3308,1665.3007
3309,2514.2969
3310,1693.5425
3311,2997.6091
3312,3694.2356
3313,309.3802
3314,3516.8926
3315,707.2071
3316,562.36383
3317,1981.5159
3318,1969.0524
3319,355.33118
3320,3047.1304
3321,3076.5447
3322,2303.138
3323,3086.041
3324,2022.901
3325,198.80324
3326,2883.7976
3327,2448.1262
3328,3453.0198
3329,3152.635
3330,3379.7922
3331,2495.7292
3332,4094.763
3333,3750.29
3334,1498.6534
3335,2420.831
3336,1114.9114
3337,711.1396
3338,2125.9922
3339,631.5702
3340,130.35696
3341,2664.846
3342,1375.7418
3343,2408.3142
3344,1831.3987
3345,3051.574
3346,292.73877
3347,2985.332
3348,3392.0127
3349,417.52255
3350,1469.516
3351,269.05786
3352,3311.3042
3353,3919.494
3354,690.5424
3355,2977.8743
3356,849.58936
3357,2103.1787
3358,3030.9487
3359,832.4765
3360,535.07465
3361,2626.5024
3362,1379.6392
3363,1608.2157
3364,306.20184
3365,573.89343
3366,4122.518
3367,3505.429
3368,1616.814
3369,1009.7175
3370,1541.891
3371,820.18195
3372,766.3339
3373,1398.9895
3374,4084.4224
3375,2793.7349
3376,1867.0304
3377,2871.3418
3378,281.29828
3379,1582.1614
3380,3908.48
3381,2166.8115
3382,779.77954
3383,306.0673
3384,2796.5886
3385,1836.8732
3386,2702.0134
3387,3599.1936
3388,2829.4885
3389,2070.9055
3390,480.0681
3391,1306.0087
3392,3736.805
3393,784.6842
3394,2873.163
3395,1463.427
3396,1662.1049
3397,2437.312
3398,3080.2913
3399,4106.4346
3400,285.3354
3401,744.8626
3402,2210.312
3403,1314.0344
3404,2258.9692
3405,3392.9058
3406,1602.8795
3407,2146.6355
3408,1752.3391
3409,2691.299
3410,1943.0128
3411,3727.3267
3412,3558.5688
3413,1543.6277
3414,3508.1643
3415,2131.5994
3416,1617.9557
3417,2954.575
3418,1268.7559
3419,806.5504
3420,2959.46
3421,666.85535
3422,1487.3794
3423,1852.6031
3424,2403.7896
3425,3151.937
3426,3010.9531
3427,1360.5431
3428,2225.7334
3429,2174.008
3430,2071.1838
3431,2931.7942
3432,1250.5304
3433,1312.4379
3434,301.09308
3435,1718.8455
3436,1569.9086
3437,4121.7524
3438,666.174
3439,4011.8467
3440,3705.5366
3441,1440.1879
3442,799.8052
3443,2216.2146
3444,2764.1738
3445,2695.0105
3446,1868.827
3447,1628.5735
3448,745.8161
3449,3617.6235
3450,1839.1963
3451,1468.464
3452,3377.1777
3453,1927.6697
3454,2774.028
3455,2674.2039
3456,2027.5735
3457,3071.5876
3458,1269.136
3459,4096.922
3460,675.3136
3461,1977.9784
3462,104.15153
3463,2848.2966
3464,2170.316
3465,680.57886
3466,2832.0786
3467,1092.2734
3468,304.93872
3469,2627.9954
3470,1535.7341
3471,2347.882
3472,2748.1116
3473,164.88783
3474,1198.7618
3475,2503.5217
3476,1678.0773
3477,2906.2646
3478,1225.4563
3479,2065.9106
3480,818.8969
3481,664.3532
3482,4152.71
3483,1658.6715
3484,1329.459
3485,2384.5186
3486,2825.0417
3487,837.18134
3488,282.01016
3489,2833.7517
3490,505.10065
3491,3285.6238
3492,1686.2585
3493,1627.8427
3494,715.57574
3495,2520.5059
3496,3376.2124
3497,819.4624
3498,3272.939
3499,1937.8887
3500,3746.578
3501,988.9981
3502,297.37314
3503,2556.135
3504,1008.39716
3505,2777.937
3506,2688.2163
3507,3982.7393
3508,1952.1024
3509,2466.754
3510,837.2547
3511,2833.2017
3512,1312.692
3513,2756.3901
3514,427.5468
3515,71.73587
3516,1432.4712
3517,4022.301
3518,3179.1846
3519,3808.0793
3520,3293.534
3521,2414.6191
3522,2728.4001
3523,3409.0056
3524,2992.771
3525,3475.4006
3526,3791.4976
3527,2569.5256
3528,2014.7783
3529,3519.7454
3530,2564.051
3531,3083.3774
3532,1352.981
3533,3015.2979
3534,3685.2168
3535,2932.105
3536,289.54666
3537,3971.1235
3538,641.4984
3539,2997.0771
3540,2392.602
3541,660.83307
3542,1570.0702
3543,2147.8218
3544,776.60077
3545,1712.75
3546,2116.3135
3547,2483.7776
3548,1772.6633
3549,1014.5966
3550,1489.114
3551,2728.1584
3552,2470.3005
3553,585.02374
3554,1301.4772
3555,696.9019
3556,2992.8506
3557,346.53345
3558,665.16113
3559,3216.1042
3560,3731.8013
3561,1219.3715
3562,2914.5503
3563,1004.6117
3564,2450.832
3565,1473.1696
3566,291.10376
3567,2139.8481
3568,1905.5503
3569,2765.757
3570,649.60614
3571,2464.3667
3572,3361.1177
3573,2655.802
3574,2926.8308
3575,259.98544
3576,4171.4976
3577,3095.0566
3578,2945.449
3579,1350.1755
3580,1855.1217
3581,3695.3296
3582,4048.0789
3583,3288.9734
3584,1819.6891
3585,2010.0023
3586,721.1916
3587,1931.0223
3588,2153.892
3589,2894.4102
3590,877.99756
3591,2960.5134
3592,868.0367
3593,1788.9115
3594,1354.7736
3595,935.24164
3596,198.67743
3597,3663.8657
3598,3065.019
3599,1899.4628
3600,482.9862
3601,2383.374
3602,1613.1232
3603,1602.2908
3604,105.61965
3605,2324.9753
3606,1953.4985
3607,782.70166
3608,435.65286
3609,2675.6106
3610,2217.7659
3611,3107.336
3612,2831.4524
3613,341.7913
3614,988.73834
3615,1816.5192
3616,3200.6333
3617,1655.4528
3618,1096.5756
3619,4198.969
3620,4064.7417
3621,2098.5452
3622,3396.5913
3623,2380.1987
3624,3532.5134
3625,1417.263
3626,2578.7593
3627,2206.6375
3628,206.49673
3629,3579.9521
3630,1647.9025
3631,2393.9802
3632,577.8271
3633,3421.115
3634,2321.0286
3635,429.78833
3636,3327.321
3637,2992.1184
3638,311.28223
3639,2354.2014
3640,3350.8452
3641,607.1613
3642,782.5988
3643,1699.5792
3644,3656.698
3645,1389.5292
3646,741.7141
3647,2112.1506
3648,1320.8258
3649,2620.6792
3650,1348.7
3651,3010.18
3652,2522.7256
3653,3368.534
3654,2219.0955
3655,2359.7322
3656,2535.254
3657,808.5482
3658,1636.677
3659,1943.2423
3660,3387.2473
3661,3503.7354
3662,2718.3435
3663,2462.3193
3664,265.2322
3665,3036.3384
3666,2712.8083
3667,355.21707
3668,500.67163
3669,1299.7186
3670,630.5964
3671,319.89716
3672,2644.1267
3673,2668.7249
3674,2592.0845
3675,3447.3997
3676,1209.7318
3677,1720.8987
3678,2076.0247
3679,370.25928
3680,2944.772
3681,3022.9934
3682,1956.786
3683,274.68182
3684,1715.3804
3685,3224.4226
3686,1715.7985
3687,2999.6504
3688,2303.1768
3689,2541.0845
3690,3711.5208
3691,2692.2478
3692,3710.889
3693,1371.8093
3694,2252.5447
3695,1321.318
3696,774.6668
3697,2659.107
3698,3601.7766
3699,1079.3734
3700,2774.4553
3701,1848.9427
3702,3308.0635
3703,460.90308
3704,3216.013
3705,784.1045
3706,2421.56
3707,1386.609
3708,1524.3671
3709,2296.6145
3710,1928.0856
3711,1981.4199
3712,1622.7646
3713,3008.8516
3714,3520.4194
3715,3029.4011
3716,1149.009
3717,4118.3584
3718,2704.6155
3719,3784.3037
3720,744.4009
3721,3243.0376
3722,2660.154
3723,2115.0981
3724,712.473
3725,2306.0251
3726,2310.586
3727,3600.272
3728,598.69745
3729,1702.8374
3730,2568.5054
3731,2026.094
3732,603.9179
3733,2644.4163
3734,419.99197
3735,556.0813
3736,2835.7507
3737,2980.7336
3738,2709.8142
3739,2627.1584
3740,975.77325
3741,407.92123
3742,743.0472
3743,3451.8757
3744,3506.351
3745,2173.2493
3746,309.75656
3747,1979.0402
3748,1541.4136
3749,2167.0322
3750,284.75467
3751,3035.6738
3752,3069.9395
3753,1675.4293
3754,1991.7189
3755,2092.1934
3756,646.1254
3757,2409.1604
3758,2430.632
3759,968.6775
3760,2414.238
3761,3459.8018
3762,1661.2142
3763,2778.2234
3764,2500.0752
3765,403.88242
3766,1728.127
3767,3950.0715
3768,1147.6321
3769,479.30582
3770,1932.59
3771,3045.9556
3772,645.7727
3773,3462.4417
3774,2200.274
3775,433.2212
3776,3818.323
3777,663.7711
3778,2727.3765
3779,977.04816
3780,817.5936
3781,1833.5656
3782,683.8681
3783,2771.5098
3784,668.8019
3785,1581.1384
3786,1571.5145
3787,397.72324
3788,3479.9246
3789,1473.5879
3790,1589.3102
3791,1315.0938
3792,663.4835
3793,761.3938
3794,3632.2336
3795,2867.3452
3796,3774.0798
3797,4112.703
3798,2971.665
3799,3547.3064
3800,1253.0824
3801,3264.264
3802,1366.7144
3803,1827.6394
3804,621.2955
3805,3750.4832
3806,358.95963
3807,2846.0977
3808,3550.4937
3809,2632.432
3810,486.41302
3811,1874.6108
3812,2850.428
3813,284.6718
3814,1107.4575
3815,937.76447
3816,2268.0173
3817,3637.1602
3818,3018.4407
3819,2814.8196
3820,1927.3065
3821,3026.471
3822,1553.4861
3823,3023.9531
3824,2562.6543
3825,648.27716
3826,2046.2805
3827,844.9993
3828,2422.2544
3829,2546.5698
3830,4110.4097
3831,1896.121
3832,3737.2651
3833,2454.9944
3834,1299.249
3835,3507.2788
3836,1766.5206
3837,591.3872
3838,1124.005
3839,2011.24
3840,3735.3315
3841,2787.828
3842,282.47015
3843,2066.8118
3844,3437.1794
3845,628.30914
3846,3019.541
3847,360.92252
3848,253.32811
3849,1136.47
3850,3382.4844
3851,3290.5417
3852,1618.3019
3853,1071.5334
3854,3334.9194
3855,391.6814
3856,769.3456
3857,2558.01
3858,2877.899
3859,2941.3667
3860,656.05475
3861,1878.061
3862,316.5409
3863,4027.2278
3864,1531.4417
3865,330.14713
3866,243.3259
3867,2394.5283
3868,2066.526
3869,3666.9524
3870,619.3841
3871,2977.1458
3872,2487.0085
3873,2099.822
3874,1860.6846
3875,273.84326
3876,1708.3871
3877,782.1182
3878,241.28625
3879,1478.6874
3880,2479.76
3881,2122.0652
3882,550.09753
3883,2467.9136
3884,2508.5322
3885,2363.7236
3886,929.19366
3887,282.05832
3888,4066.55
3889,3052.044
3890,2996.0024
3891,3031.8193
3892,416.49557
3893,222.37862
3894,2506.8674
3895,618.4866
3896,1811.3859
3897,1833.4696
3898,469.98087
3899,2780.948
3900,921.63666
3901,687.52997
3902,1122.9989
3903,1326.9581
3904,819.17175
3905,3901.2314
3906,762.53033
3907,3098.038
3908,201.25127
3909,491.0361
3910,2379.193
3911,1267.4817
3912,2645.0828
3913,1329.5807
3914,1737.8916
3915,4050.9238
3916,1450.1288
3917,3273.6501
3918,2794.127
3919,1662.1669
3920,2004.0139
3921,2354.8862
3922,4000.551
3923,2718.798
3924,1670.4619
3925,2542.1775
3926,2162.705
3927,2028.2562
3928,302.38052
3929,2308.8464
3930,2074.258
3931,716.95636
3932,2723.3657
3933,2363.301
3934,2298.8745
3935,2036.1434
3936,1606.3871
3937,711.46796
3938,993.16174
3939,299.24493
3940,2051.9194
3941,2650.6543
3942,1944.8612
3943,662.40515
3944,762.40173
3945,1543.8042
3946,838.66644
3947,1087.4663
3948,1653.1158
3949,3437.963
3950,2162.356
3951,2072.7102
3952,734.5585
3953,1626.8197
3954,1667.202
3955,3295.2954
3956,1532.2928
3957,3242.187
3958,3244.3914
3959,470.42157
3960,1043.9872
3961,2124.7393
3962,3373.2207
3963,2685.2998
3964,2089.849
3965,581.5574
3966,3849.2368
3967,3355.5022
3968,2174.6907
3969,2944.772
3970,322.03152
3971,2220.9097
3972,3460.2488
3973,2264.2373
3974,2995.7295
3975,2618.153
3976,2486.6038
3977,800.7891
3978,2100.2534
3979,652.15393
3980,1267.4817
3981,1439.1414
3982,3546.0632
3983,526.46075
3984,2647.6226
3985,3217.768
3986,3227.9512
3987,950.08307
3988,1115.7067
3989,1719.8184
3990,496.0018
3991,4076.8906
3992,725.9247
3993,3506.1333
3994,336.91672
3995,2240.09
3996,1785.5254
3997,2962.9536
3998,3177.3552
3999,893.4478
4000,311.72247
4001,795.7018
4002,1784.0309
4003,657.8098
4004,3566.382
4005,1582.9435
4006,1741.522
4007,3442.9426
4008,590.3325
4009,1627.1376
4010,283.2958
4011,2592.6724
4012,1068.5532
4013,1568.6641
4014,3340.3235
4015,679.609
4016,2319.35
4017,306.3838
4018,1275.5189
4019,3432.9614
4020,4070.158
4021,3513.9915
4022,2969.8567
4023,2957.1792
4024,3285.4854
4025,723.3908
4026,228.18813
4027,2522.2234
4028,2585.1047
4029,2568.4092
4030,907.2966
4031,2801.7893
4032,3240.3535
4033,3817.1387
4034,2761.2288
4035,2618.1243
4036,278.9396
4037,2812.526
4038,2984.7827
4039,3531.47
4040,3103.9976
4041,1151.776
4042,294.60217
4043,2579.6226
4044,4091.4702
4045,3441.9255
4046,287.56088
4047,2024.6317
4048,178.33229
4049,2339.9436
4050,2436.8093
4051,1094.3138
4052,225.23793
4053,1400.0945
4054,417.1462
4055,2803.559
4056,4064.7417
4057,4127.287
4058,619.3841
4059,212.28445
4060,1341.7048
4061,2923.1594
4062,2246.1687
4063,2655.5027
4064,834.5489
4065,1552.298
4066,3064.5925
4067,1860.4894
4068,3576.21
4069,363.16107
4070,3319.1504
4071,2126.201
4072,2604.966
4073,3309.1633
4074,2077.2485
4075,2972.9746
4076,1438.3073
4077,294.49973
4078,2992.2844
4079,3417.7856
4080,2088.5576
4081,1811.8394
4082,2537.063
4083,188.79738
4084,716.4708
4085,799.8392
4086,3852.1143
4087,3270.2722
4088,3460.2668
4089,2744.7568
4090,3270.0845
4091,2714.909
4092,2221.2441
4093,753.4376
4094,195.96356
4095,1821.4683
4096,1740.0781
4097,255.86133
4098,3338.598
4099,1556.8888
4100,3023.399
4101,1597.7382
4102,1654.4854
4103,2817.1504
4104,182.15962
4105,2913.539
4106,3520.104
4107,2874.4272
4108,533.94904
4109,2675.0598
4110,1934.5942
4111,1284.6333
4112,1971.2576
4113,1836.0088
4114,2510.6687
4115,1991.6602
4116,636.3725
4117,1321.3977
4118,2127.323
4119,878.0557
4120,1497.2081
4121,3396.1125
4122,625.56226
4123,1347.4171
4124,3293.019
4125,2478.0122
4126,1241.2396
4127,224.60078
4128,1463.8812
4129,753.4376
4130,4036.506
4131,2993.055
4132,500.54398
4133,2635.5586
4134,3343.896
4135,1811.1085
4136,318.812
4137,2652.2698
4138,699.1549
4139,1827.2375
4140,3358.554
4141,2594.4868
4142,1553.5118
4143,2488.8384
4144,3006.4058
4145,2087.1887
4146,4143.423
4147,349.62534
4148,1316.6873
4149,3672.26
4150,2870.6465
4151,705.87634
4152,3014.9084
4153,326.52872
4154,1969.1825
4155,770.2937
4156,1721.2568
4157,1275.6523
4158,3388.5913
4159,286.32172
4160,2701.2327
4161,444.4578
4162,1294.0118
4163,3776.6274
4164,2652.1736
4165,2042.2389
4166,290.65894
4167,3788.7478
4168,2353.6487
4169,1681.2466
4170,2702.3015
4171,1623.9603
4172,1366.0991
4173,2926.109
4174,3024.3945
4175,2161.4214
4176,1804.5001
4177,2512.1018
4178,2400.4084
4179,1374.8954
4180,3078.918
4181,652.38574
4182,3155.893
4183,756.35004
4184,1816.6879
4185,4166.798
4186,718.179
4187,454.80923
4188,859.8673
4189,1197.8271
4190,708.90436
4191,831.57166
4192,2995.7678
4193,1563.5052
4194,3502.862
4195,2912.5078
4196,2967.5073
4197,2854.1782
4198,1601.5028
4199,2955.736
4200,2573.3506
4201,2593.6272
4202,2551.1694
4203,3267.7163
4204,1997.5593
4205,3416.8296
4206,2049.0776
4207,2115.542
4208,447.88266
4209,3756.1965
4210,265.33395
4211,2632.8152
4212,282.43912
4213,2085.4177
4214,3064.3066
4215,408.80273
4216,2081.0674
4217,1549.9694
4218,2195.3271
4219,3639.44
4220,962.4049
4221,1878.9235
4222,2862.0183
4223,847.9353
4224,338.7309
4225,2023.4924
4226,340.3596
4227,2145.0945
4228,1955.6593
4229,501.02182
4230,2610.7407
4231,382.88168
4232,1317.9843
4233,1808.8833
4234,1612.6582
4235,1228.1614
4236,2460.7874
4237,2062.954
4238,797.40204
4239,1478.5846
4240,630.5964
4241,2886.8254
4242,1395.9955
4243,1273.1282
4244,1622.3961
4245,275.56213
4246,1783.0497
4247,1931.623
4248,794.6394
4249,3901.8857
4250,84.35132
4251,4033.6936
4252,1262.4547
4253,274.75555
4254,1675.4034
4255,224.78114
4256,1861.4677
4257,1026.8524
4258,1185.503
4259,651.108
4260,3032.4243
4261,3542.2808
4262,295.6106
4263,2793.5076
4264,800.4652
4265,3334.7905
4266,757.82135
4267,1576.6842
4268,1888.9061
4269,2410.619
4270,4075.0103
4271,1553.2485
4272,3101.0024
4273,3169.5378
4274,3540.066
4275,1890.798
4276,577.2707
4277,3987.9805
4278,2659.7373
4279,3345.342
4280,3588.7222
4281,1657.4923
4282,1961.4135
4283,1952.9546
4284,3017.8516
4285,2267.706
4286,2377.2996
4287,1903.4926
4288,261.4968
4289,1998.6986
4290,2978.9172
4291,454.37198
4292,1184.7644
4293,268.85553
4294,2124.0618
4295,3556.9014
4296,1714.4974
4297,1998.9591
4298,2030.6501
4299,476.84134
4300,1398.682
4301,2369.051
4302,633.7748
4303,1634.3601
4304,1289.8745
4305,1301.379
4306,849.0906
4307,2530.4028
4308,755.44415
4309,1510.4481
4310,3054.0789
4311,2776.05
4312,2989.16
4313,2695.4866
4314,1072.5623
4315,325.81635
4316,1526.5885
4317,80.33184
4318,2776.7
4319,3215.576
4320,1000.293
4321,298.64908
4322,283.002
4323,2966.2588
4324,2108.0173
4325,1338.8866
4326,3061.1921
4327,1023.87317
4328,613.4349
4329,2677.0176
4330,1574.5305
4331,2923.116
4332,3341.8022
4333,620.665
4334,2838.8613
4335,629.03076
4336,653.39
4337,1794.8064
4338,1284.7737
4339,2401.858
4340,240.33319
4341,2498.2822
4342,2787.9097
4343,979.12744
4344,1573.5697
4345,1160.9974
4346,3011.765
4347,979.7539
4348,1347.342
4349,672.0714
4350,290.15274
4351,3468.1018
4352,3398.1643
4353,2314.7046
4354,3728.9324
4355,1372.4767
4356,2340.4475
4357,1953.2917
4358,649.8469
4359,488.96893
4360,328.74677
4361,3530.079
4362,3455.811
4363,1511.4132
4364,3581.507
4365,593.1024
4366,3793.2766
4367,2007.9178
4368,2899.756
4369,707.8019
4370,1820.1868
4371,4071.0981
4372,787.4963
4373,1433.9883
4374,2943.9539
4375,2855.9133
4376,1041.674
4377,787.6875
4378,3990.0852
4379,3546.0
4380,2119.1333
4381,4128.705
4382,1602.9342
4383,2988.517
4384,2996.0378
4385,2444.8267
4386,2117.8042
4387,708.2847
4388,2947.2778
4389,1281.3531
4390,3201.774
4391,777.5293
4392,2175.8835
4393,1258.6477
4394,3031.9722
4395,3057.9875
4396,2598.4478
4397,1228.3322
4398,1001.8617
4399,1614.1178
4400,873.78815
4401,262.0538
4402,995.78986
4403,2481.4485
4404,2336.1196
4405,2096.057
4406,3692.321
4407,1665.8389
4408,1675.5382
4409,106.26934
4410,1301.3363
4411,1429.8818
4412,3021.544
4413,2887.8765
4414,3648.9941
4415,1925.4991
4416,2559.411
4417,2451.292
4418,240.31046
4419,1621.7837
4420,827.9381
4421,172.07144
4422,1187.924
4423,3481.1643
4424,552.9824
4425,1718.8357
4426,2846.0737
4427,3191.4382
4428,3477.5935
4429,1609.7952
4430,593.4094
4431,336.27618
4432,2922.4216
4433,900.638
4434,3095.129
4435,346.22842
4436,1656.4297
4437,2500.5015
4438,285.44778
4439,1004.27814
4440,248.81253
4441,2925.7908
4442,723.84125
4443,722.15796
4444,3539.4673
4445,1644.3778
4446,263.22015
4447,1380.7205
4448,1979.8195
4449,2424.5623
4450,721.4352
4451,646.74084
4452,1534.8298
4453,666.2261
4454,2544.4312
4455,184.85884
4456,1243.5355
4457,831.1791
4458,1552.8448
4459,374.94205
4460,1669.8745
4461,3608.476
4462,3664.6145
4463,418.45422
4464,2807.481
4465,1773.8448
4466,2323.3616
4467,2111.4453
4468,670.4057
4469,1336.3062
4470,2369.5837
4471,1394.4858
4472,967.31433
4473,4066.55
4474,2094.3726
4475,2477.9536
4476,2694.462
4477,1257.0906
4478,1255.7935
4479,1516.1045
4480,298.21768
4481,988.59894
4482,2027.5326
4483,2887.12
4484,535.8203
4485,2753.6372
4486,2652.7793
4487,3023.1003
4488,3340.9417
4489,1315.698
4490,2957.6208
4491,3055.74
4492,2763.9448
4493,1343.2529
4494,1298.8513
4495,2010.5614
4496,500.3717
4497,3313.8352
4498,3330.5486
4499,3701.7056
4500,2511.194
4501,2083.4648
4502,1459.8256
4503,3208.0642
4504,2758.329
4505,392.7817
4506,3522.0771
4507,3381.8005
4508,3470.1038
4509,2168.9246
4510,3451.7446
4511,195.18608
4512,3490.085
4513,3603.6174
4514,2323.5164
4515,724.35516
4516,1471.9626
4517,3014.116
4518,2159.783
4519,3197.991
4520,2350.3062
4521,1536.5391
4522,1258.9865
4523,3820.3237
4524,1883.7683
4525,1514.6398
4526,3516.1362
4527,3771.3909
4528,3679.9534
4529,4215.259
4530,590.4726
4531,1286.9619
4532,670.27905
4533,3692.3413
4534,419.30328
4535,1045.3185
4536,2574.7378
4537,877.8487
4538,2399.9583
4539,3057.309
4540,2884.9304
4541,2375.0444
4542,1190.4563
4543,451.4882
4544,2337.6875
4545,263.58127
4546,4105.9326
4547,2160.2942
4548,1791.6685
4549,217.8383
4550,3079.1067
4551,303.25592
4552,2472.6912
4553,2999.6055
4554,2406.8853
4555,2587.5557
4556,4078.693
4557,716.0276
4558,3228.5144
4559,2629.7078
4560,2475.7375
4561,153.92627
4562,664.9945
4563,3399.4377
4564,2591.0776
4565,3251.4387
4566,3474.9324
4567,2308.2654
4568,3069.862
4569,3561.1396
4570,3944.7407
4571,296.07748
4572,2758.6155
4573,3171.796
4574,883.6695
4575,276.38278
4576,3231.2632
4577,660.3194
4578,2241.9705
4579,671.3509
4580,3076.457
4581,3071.2292
4582,1330.6403
4583,2938.045
4584,1958.795
4585,2467.2324
4586,4081.2314
4587,3175.3215
4588,2518.2427
4589,2105.97
4590,716.71106
4591,174.931
4592,3493.7568
4593,4058.3108
4594,1905.3545
4595,2804.8538
4596,2739.1587
4597,2802.327
4598,2021.0933
4599,1297.2935
4600,1709.807
4601,3392.5193
4602,2777.5857
4603,1795.6266
4604,1239.7125
4605,2681.2437
4606,1944.5806
4607,1423.0322
4608,2646.7192
4609,2415.8022
4610,4087.243
4611,1955.2251
4612,2403.176
4613,2180.8054
4614,743.56964
4615,3011.1694
4616,459.82663
4617,1836.803
4618,2726.0671
4619,696.0898
4620,665.24396
4621,4063.5771
4622,4101.247
4623,2149.5095
4624,866.3775
4625,3335.9304
4626,661.53955
4627,4074.702
4628,2042.4634
4629,2696.9785
4630,3433.1948
4631,416.9845
4632,249.73686
4633,1350.5431
4634,2693.8975
4635,2622.347
4636,3503.4233
4637,655.7464
4638,2307.3174
4639,2503.2632
4640,201.33247
4641,2294.016
4642,1705.7374
4643,3414.704
4644,3433.3296
4645,2839.2278
4646,2503.36
4647,3041.2034
4648,1703.985
4649,1694.121
4650,701.9658
4651,680.7027
4652,1565.1332
4653,521.7943
4654,227.4521
4655,825.08466
4656,3518.9778
4657,1092.6505
4658,1399.1443
4659,761.5302
4660,320.49832
4661,3612.6382
4662,1107.5186
4663,2586.4675
4664,1464.0094
4665,699.4311
4666,2591.972
4667,1262.7399
4668,2281.1091
4669,772.9819
4670,1359.7891
4671,245.66803
4672,506.92438
4673,3741.872
4674,356.84976
4675,2166.8936
4676,691.96814
4677,2600.7603
4678,1036.0775
4679,3035.367
4680,2793.5981
4681,1901.9242
4682,872.1128
4683,200.35472
4684,2446.8584
4685,195.01701
4686,1569.658
4687,624.831
4688,3298.2397
4689,662.63885
4690,419.90155
4691,2293.2039
4692,1350.7325
4693,3466.6292
4694,2556.3357
4695,2139.8481
4696,3119.5383
4697,1619.1722
4698,1843.8475
4699,2279.087
4700,2615.1262
4701,699.7515
4702,2346.895
4703,933.4967
4704,2966.7659
4705,843.7367
4706,682.0411
4707,3717.8057
4708,403.40323
4709,2834.4495
4710,1987.9001
4711,3143.6504
4712,1238.1945
4713,182.07368
4714,2117.5461
4715,2609.228
4716,2418.5715
4717,1934.3612
4718,1265.7205
4719,369.98456
4720,2352.798
4721,3753.7246
4722,230.26042
4723,3094.085
4724,2436.3481
4725,3033.4102
4726,372.4388
4727,369.11777
4728,1841.3539
4729,3354.8574
4730,2152.4697
4731,1313.3307
4732,3037.64
4733,171.52008
4734,1148.9537
4735,1089.545
4736,691.4702
4737,2513.7869
4738,1744.4751
4739,2388.79
4740,2425.3093
4741,168.16727
4742,1707.5015
4743,3066.376
4744,3273.9705
4745,1035.61
4746,2721.0024
4747,3497.4314
4748,2457.0999
4749,3468.2808
4750,3436.661
4751,765.8745
4752,2985.6086
4753,2835.3406
4754,3305.0974
4755,581.06085
4756,1991.7524
4757,1644.8724
4758,3487.577
4759,1852.145
4760,704.56067
4761,4066.55
4762,917.9369
4763,352.56586
4764,2204.6265
4765,218.83061
4766,2651.2917
4767,3404.2866
4768,2221.1853
4769,715.7007
4770,237.4684
4771,3005.81
4772,151.28993
4773,513.82825
4774,2400.6575
4775,180.856
4776,2379.7754
4777,2042.3206
4778,1598.8691
4779,168.39322
4780,410.81912
4781,2658.336
4782,1802.4194
4783,1411.9417
4784,728.6205
4785,3570.4614
4786,3015.351
4787,3841.3164
4788,2544.415
4789,2818.7498
4790,3030.663
4791,664.09735
4792,2014.9065
4793,2710.0496
4794,1572.064
4795,3651.5093
4796,3025.3777
4797,1385.9327
4798,3289.7944
4799,413.23688
4800,4154.6465
4801,746.7838
4802,3231.9639
4803,318.03442
4804,332.5969
4805,2489.8264
4806,353.11786
4807,1891.7906
4808,1924.6698
4809,1752.5164
4810,3045.5654
4811,1506.8599
4812,223.45308
4813,2397.2085
4814,2119.3188
4815,2451.4355
4816,969.00775
4817,725.93024
4818,2399.9744
4819,1989.4113
4820,249.17755
4821,2401.1702
4822,1605.6427
4823,1111.4198
4824,395.70718
4825,3222.9448
4826,1229.2766
4827,1814.5651
4828,1289.0443
4829,1698.1035
4830,296.9068
4831,3435.454
4832,832.4559
4833,691.8287
4834,2037.61
4835,2015.4144
4836,3447.3801
4837,649.4875
4838,2994.6123
4839,2982.6707
4840,3010.4084
4841,2233.6353
4842,179.7361
4843,2401.044
4844,1198.0594
4845,3115.3845
4846,256.24475
4847,2823.9094
4848,3462.3428
4849,1769.4867
4850,2426.399
4851,2659.536
4852,2499.7551
4853,1663.086
4854,485.31543
4855,2140.9062
4856,2313.1973
4857,2568.666
4858,777.295
4859,3951.062
4860,2562.867
4861,3339.5586
4862,1324.4951
4863,3047.3489
4864,691.15894
4865,1896.1266
4866,3604.153
4867,4100.8906
4868,2206.293
4869,1821.6228
4870,1132.5868
4871,619.7539
4872,4093.696
4873,2174.809
4874,3462.4631
4875,1824.5854
4876,2569.1028
4877,1156.1361
4878,368.6681
4879,1319.3717
4880,631.24506
4881,484.89023
4882,760.5989
4883,3463.559
4884,1292.4109
4885,3404.1685
4886,3846.1
4887,2810.76
4888,157.21585
4889,3397.8147
4890,1663.5432
4891,1335.695
4892,2821.7124
4893,2733.1714
4894,1467.2917
4895,2505.304
4896,1401.7928
4897,2550.247
4898,3030.0496
4899,1207.4865
4900,2610.7412
4901,2695.4634
4902,270.7208
4903,1321.1766
4904,3299.559
4905,3587.5457
4906,464.21225
4907,1288.9199
4908,754.2623
4909,2200.0898
4910,3732.8962
4911,3521.741
4912,2071.1797
4913,3260.5676
4914,604.9534
4915,1299.6787
4916,1789.6207
4917,221.8096
4918,2413.1362
4919,306.8449
4920,2425.7249
4921,4209.2246
4922,1660.2675
4923,2996.4358
4924,2784.4873
4925,2397.9768
4926,1341.985
4927,1681.7338
4928,380.42676
4929,3504.5527
4930,381.9815
4931,3989.1309
4932,2914.2393
4933,2544.062
4934,2502.7292
4935,631.16736
4936,2683.2024
4937,1853.949
4938,1806.224
4939,3718.9238
4940,2105.4734
4941,1371.6005
4942,1940.5391
4943,2010.0334
4944,1542.2875
4945,1609.7734
4946,1821.2672
4947,2403.6665
4948,1498.995
4949,677.93604
4950,2688.1926
4951,2583.1204
4952,2564.0847
4953,1649.8302
4954,3533.2905
4955,2631.2654
4956,2436.7458
4957,2985.6938
4958,319.8043
4959,314.53336
4960,1478.549
4961,2418.1116
4962,1950.4973
4963,1710.302
4964,728.14453
4965,1472.2726
4966,220.62418
4967,1964.7058
4968,3749.5278
4969,734.43695
4970,1559.1151
4971,185.76054
4972,1348.2678
4973,1751.8058
4974,2611.6104
4975,1779.3198
4976,375.3803
4977,1070.6667
4978,1581.5981
4979,1616.2349
4980,2891.5593
4981,2994.1042
4982,1959.0201
4983,728.7866
4984,2556.456
4985,170.20667
4986,2943.9114
4987,1989.3677
4988,1635.2532
4989,304.25754
4990,643.24536
4991,4154.9976
4992,646.0168
4993,679.609
4994,3152.939
4995,209.0832
4996,1652.7576
4997,2788.382
4998,533.1357
4999,315.26517
5000,273.25687
5001,1172.3347
5002,1449.8083
5003,1213.498
5004,1469.6859
5005,1566.2372
5006,1226.0563
5007,1461.9526
5008,818.33875
5009,2580.337
5010,2093.4106
5011,2045.0543
5012,994.8656
5013,2450.9304
5014,3812.9668
5015,1295.3591
5016,94.90916
5017,3341.7222
5018,826.2264
5019,1560.9341
5020,985.08984
5021,999.23395
5022,790.7419
5023,2308.5203
5024,1700.4095
5025,2189.4963
5026,271.72037
5027,224.75253
5028,1329.6725
5029,1710.5312
5030,2155.0034
5031,167.9328
5032,1991.2869
5033,1643.4036
5034,1681.065
5035,3585.8027
5036,3535.7527
5037,4054.0132
5038,2201.3215
5039,998.68756
5040,3435.631
5041,3078.5671
5042,3776.0408
5043,661.8033
5044,2322.0002
5045,2735.2898
5046,382.4253
5047,726.5404
5048,2038.8221
5049,2817.244
5050,3731.9456
5051,282.88458
5052,1116.2262
5053,3772.851
5054,559.923
5055,3074.7026
5056,3075.4307
5057,3419.4922
5058,817.7245
5059,2821.392
5060,3730.4065
5061,271.57816
5062,2808.402
5063,2954.608
5064,1719.1523
5065,2301.9092
5066,3078.0269
5067,2019.4662
5068,1589.9817
5069,2059.1152
5070,2169.9998
5071,145.5179
5072,690.07367
5073,1342.904
5074,2426.167
5075,1798.1156
5076,3018.7832
5077,2779.08
5078,3749.502
5079,4097.428
5080,1599.775
5081,2114.7727
5082,690.9616
5083,2799.3438
5084,2995.3528
5085,2427.9473
5086,3607.8892
5087,2493.2754
5088,322.38705
5089,2531.2268
5090,2710.4778
5091,2128.9238
5092,3644.291
5093,1340.4418
5094,3421.6377
5095,2819.9202
5096,2128.501
5097,1901.4098
5098,315.32535
5099,2156.097
5100,2371.341
5101,727.2204
5102,590.8889
5103,3131.7732
5104,3027.3113
5105,628.69305
5106,570.91534
5107,1953.9314
5108,3030.1714
5109,588.27765
5110,1042.9133
5111,1916.5123
5112,460.7772
5113,1239.7417
5114,267.8123
5115,1020.7391
5116,195.32364
5117,2533.9072
5118,626.6717
5119,2754.7937
5120,632.58765
5121,300.70914
5122,388.47018
5123,950.95593
5124,1742.0244
5125,1728.7156
5126,1567.5364
5127,834.8489
5128,3700.361
5129,2326.4062
5130,2147.8218
5131,2570.7263
5132,1970.498
5133,885.1176
5134,3592.37
5135,2962.1494
5136,3175.6746
5137,2360.0715
5138,1909.6511
5139,3019.0613
5140,2567.013
5141,2628.2405
5142,2272.1567
5143,651.7035
5144,2984.071
5145,1531.1868
5146,2115.8027
5147,3479.1445
5148,1326.9581
5149,2929.2183
5150,3036.1042
5151,3621.7378
5152,2927.3093
5153,1975.028
5154,2711.5515
5155,653.2381
5156,2332.6162
5157,594.98206
5158,3096.5547
5159,2193.3145
5160,2370.7605
5161,3123.546
5162,2410.3394
5163,3755.5776
5164,2735.1697
5165,633.1358
5166,957.21344
5167,263.9289
5168,455.03122
5169,1970.7351
5170,1449.2637
5171,1442.5481
5172,2520.9915
5173,3984.703
5174,1152.6643
5175,420.22235
5176,2758.6223
5177,2457.3557
5178,2676.6702
5179,1573.582
5180,320.54214
5181,988.1711
5182,682.3356
5183,2575.5637
5184,1236.4064
5185,1360.8353
5186,1445.4695
5187,1864.5393
5188,2433.997
5189,3510.3135
5190,286.95398
5191,1008.5923
5192,1787.9017
5193,2038.861
5194,3598.7656
5195,1651.2238
5196,1285.0125
5197,336.78198
5198,706.83044
5199,3063.3816
5200,2496.263
5201,1888.615
5202,1323.4181
5203,1072.5623
5204,3007.8198
5205,1229.6416
5206,3271.3599
5207,2910.574
5208,284.11862
5209,2769.3428
5210,1649.9363
5211,4088.6868
5212,450.51053
5213,2702.0674
5214,1386.2072
5215,2930.7751
5216,1401.463
5217,3298.3577
5218,2507.7014
5219,3079.3923
5220,3676.3708
5221,1207.1456
5222,4110.8945
5223,173.254
5224,2633.1875
5225,2581.0552
5226,809.6424
5227,994.3446
5228,2995.247
5229,750.58484
5230,3536.3247
5231,772.6879
5232,2525.3027
5233,2624.3574
5234,3043.5737
5235,1378.7299
5236,1698.4723
5237,2218.5566
5238,2599.0852
5239,1839.0562
5240,2342.5798
5241,3012.6511
5242,2608.2031
5243,2107.1584
5244,3332.2698
5245,2599.114
5246,603.1576
5247,305.8681
5248,1259.3097
5249,453.95474
5250,2456.807
5251,2715.4402
5252,3940.3086
5253,2336.0781
5254,3571.4893
5255,3083.689
5256,3462.2769
5257,3596.8906
5258,2980.7214
5259,1247.5107
5260,675.11066
5261,3062.4456
5262,486.19897
5263,254.87714
5264,728.6205
5265,1617.6663
5266,3029.2356
5267,629.03076
5268,1030.7769
5269,1112.5554
5270,794.2983
5271,1308.3547
5272,3658.0515
5273,4185.867
5274,2487.2397
5275,752.9778
5276,2985.8071
5277,194.07446
5278,2410.8523
5279,1195.2275
5280,1661.0045
5281,721.4699
5282,1620.0796
5283,2563.119
5284,1580.3824
5285,2654.785
5286,2916.7944
5287,1277.2471
5288,618.2561
5289,1265.863
5290,1062.9155
5291,715.3364
5292,2615.0786
5293,176.37962
5294,3598.7075
5295,2424.2969
5296,2999.2646
5297,2007.0835
5298,1081.8276
5299,1450.1288
5300,975.35754
5301,3062.6858
5302,2690.9053
5303,539.55145
5304,643.4361
5305,3350.5566
5306,2793.0645
5307,1728.8098
5308,419.369
5309,550.59644
5310,2287.2139
5311,498.49326
5312,854.5858
5313,2773.6523
5314,1629.0878
5315,4102.8716
5316,824.91516
5317,225.371
5318,2116.2673
5319,1917.853
5320,4066.55
5321,1319.1936
5322,3353.4714
5323,1183.265
5324,3265.0269
5325,1997.8313
5326,2705.086
5327,88.108315
5328,4175.094
5329,239.69185
5330,2543.3542
5331,3420.481
5332,2698.9646
5333,840.329
5334,2637.267
5335,793.9821
5336,362.47742
5337,1706.9784
5338,2751.6113
5339,2999.8977
5340,1865.2152
5341,2142.4636
5342,2930.028
5343,1651.6993
5344,2711.6726
5345,2490.7917
5346,695.8054
5347,2896.5
5348,4184.758
5349,2141.1924
5350,410.84708
5351,1353.6018
5352,2070.9402
5353,2253.4192
5354,1978.0582
5355,3154.8105
5356,1606.9261
5357,380.10364
5358,2276.163
5359,1900.1271
5360,2749.0603
5361,2884.9758
5362,290.70538
5363,1006.9432
5364,2997.4038
5365,1753.8531
5366,1426.886
5367,1740.5245
5368,1576.7988
5369,2195.4988
5370,554.6253
5371,3187.3257
5372,421.0137
5373,3390.7188
5374,1855.8259
5375,2066.2456
5376,805.67816
5377,646.8232
5378,1084.476
5379,4098.156
5380,1901.0667
5381,4108.413
5382,3467.2969
5383,1426.5374
5384,1942.0374
5385,2455.999
5386,3227.3074
5387,2724.8916
5388,194.12868
5389,2997.921
5390,3429.3667
5391,1944.0037
5392,435.84613
5393,1961.2479
5394,2583.9521
5395,3969.5823
5396,1226.0203
5397,2354.135
5398,333.78033
5399,1535.8898
5400,2174.7432
5401,2263.7595
5402,1143.9648
5403,1500.2426
5404,765.7475
5405,2632.149
5406,3032.7317
5407,3730.1443
5408,2139.2876
5409,1812.8533
5410,3691.7231
5411,2818.91
5412,2497.3115
5413,467.01926
5414,2101.372
5415,1545.6377
5416,722.4404
5417,2493.8555
5418,3543.9983
5419,1018.28723
5420,2117.5303
5421,1963.8546
5422,1543.6277
5423,184.5578
5424,2213.6228
5425,2893.1663
5426,3377.4536
5427,237.25415
5428,2549.7092
5429,1150.193
5430,2872.14
5431,4133.937
5432,1818.1412
5433,3547.0972
5434,1102.9818
5435,343.40878
5436,2568.7224
5437,3225.5251
5438,2480.923
5439,1288.6661
5440,700.73456
5441,3760.112
5442,273.02615
5443,2592.9453
5444,219.34955
5445,783.4899
5446,938.97125
5447,3297.2986
5448,3518.568
5449,3037.6199
5450,108.67513
5451,1954.4728
5452,3261.2886
5453,2577.581
5454,3896.8398
5455,346.25156
5456,3230.7578
5457,3182.7456
5458,277.87622
5459,4066.55
5460,2365.21
5461,2046.9791
5462,677.8237
5463,2312.7239
5464,2616.1082
5465,277.64157
5466,698.78687
5467,2510.7693
5468,2950.45
5469,205.08307
5470,3578.2927
5471,3238.958
5472,627.2186
5473,1519.5544
5474,3477.2686
5475,180.39775
5476,1333.4603
5477,3395.5562
5478,252.93533
5479,2972.6
5480,2160.5288
5481,3345.4058
5482,489.81488
5483,2938.715
5484,768.86255
5485,2338.2715
5486,2585.2488
5487,478.20636
5488,3003.038
5489,2828.2249
5490,453.95474
5491,2724.1558
5492,1670.7358
5493,514.6359
5494,1754.0665
5495,2345.32
5496,3364.2034
5497,2129.8542
5498,2897.5293
5499,432.89963
5500,3158.3186
5501,1668.04
5502,1933.1992
5503,1248.2228
5504,2868.3232
5505,2406.722
5506,3225.191
5507,2981.5916
5508,1386.3531
5509,2754.0642
5510,1346.1437
5511,1669.9728
5512,2774.484
5513,2213.949
5514,166.09631
5515,2698.736
5516,1627.8427
5517,2493.3247
5518,656.3572
5519,3945.467
5520,2022.2262
5521,1996.2717
5522,832.36066
5523,3668.4255
5524,764.83826
5525,2338.1467
5526,2365.0818
5527,1827.4825
5528,2815.205
5529,1249.2017
5530,2484.6504
5531,2168.0254
5532,2528.2495
5533,2960.8916
5534,2886.9229
5535,1622.7145
5536,1662.641
5537,3350.8577
5538,1593.1975
5539,1246.5343
5540,611.66113
5541,3769.473
5542,2707.9802
5543,2537.9595
5544,2379.973
5545,663.44763
5546,368.30743
5547,1573.5697
5548,2911.7952
5549,1134.3484
5550,2673.4902
5551,250.55656
5552,1547.7097
5553,3081.8013
5554,2982.622
5555,753.9859
5556,977.918
5557,970.05365
5558,1873.7062
5559,2477.5315
5560,832.6534
5561,2728.779
5562,2071.1062
5563,3630.3843
5564,2323.8389
5565,2415.4006
5566,3132.2832
5567,2523.8906
5568,1571.9296
5569,1477.937
5570,1639.0674
5571,538.2272
5572,451.13556
5573,1910.129
5574,3396.9822
5575,704.8948
5576,2542.7102
5577,2347.2642
5578,693.0476
5579,2127.8074
5580,268.2328
5581,2337.6711
5582,1989.0691
5583,266.0042
5584,609.84607
5585,1326.42
5586,2720.6885
5587,817.3879
5588,2811.0527
5589,3141.0735
5590,2683.322
5591,2076.9028
5592,1939.3506
5593,2889.3179
5594,2892.6538
5595,3430.9453
5596,479.01022
5597,1566.8862
5598,2408.0771
5599,771.57587
5600,289.7299
5601,2988.4968
5602,3154.978
5603,2622.6084
5604,2185.7366
5605,2527.1633
5606,2313.252
5607,2815.8745
5608,3373.1348
5609,4158.891
5610,3138.8103
5611,2722.1284
5612,428.82864
5613,3274.7341
5614,2872.8672
5615,4082.4768
5616,2444.185
5617,1237.3822
5618,835.84186
5619,2385.3118
5620,3502.0898
5621,1316.7699
5622,2725.5508
5623,2909.8853
5624,2971.3398
5625,2842.2979
5626,2979.3496
5627,4037.3215
5628,1924.2222
5629,1013.76465
5630,2721.965
5631,2266.0852
5632,2966.0828
5633,2985.9658
5634,2404.4568
5635,2803.2751
5636,1759.7402
5637,3376.47
5638,1666.2139
5639,2021.5951
5640,1674.9164
5641,779.08215
5642,1953.816
5643,581.06085
5644,2671.0476
5645,684.82935
5646,2784.7388
5647,677.82715
5648,4063.5771
5649,1374.3362
5650,374.04297
5651,3055.726
5652,1901.6111
5653,1299.2759
5654,2381.9973
5655,3848.1667
5656,4115.836
5657,3596.9702
5658,2247.3157
5659,2943.9197
5660,3269.927
5661,3246.8328
5662,3273.2766
5663,779.03986
5664,2643.6072
5665,811.8396
5666,2755.1157
5667,1282.2301
5668,310.78485
5669,4082.196
5670,3559.0276
5671,927.0761
5672,3506.5007
5673,1574.7517
5674,742.7648
5675,977.3092
5676,2093.4636
5677,2511.8562
5678,1786.1373
5679,3237.7256
5680,1126.3278
